Group,decTime,AM0,BM0,ent0,pow0,Cent0,pk0,freq0,skew0,kurt0,Hmob0,Hcomp0,AM1,BM1,ent1,pow1,Cent1,pk1,freq1,skew1,kurt1,Hmob1,Hcomp1,AM2,BM2,ent2,pow2,Cent2,pk2,freq2,skew2,kurt2,Hmob2,Hcomp2
ictal,0.15957379341125488,2.8786368300634626,24135.183994335748,2.5111230761950405,204.09194113581407,1.2336096901622018,224.97209407740942,1.3671875,-0.3768202448412342,1.5637238933951982,0.04034157463585733,1.1149057388503343,1.3881382698800249,61632.88243216034,2.8063554956772965,49503.88117445004,3.1727274465373374,3705.238754028419,3.125,-0.1002126070836073,-1.0721893973238092,0.10270012377704421,1.134444097128402,13.948338591769783,213517.48273714617,6.065360883528298,891.1672174757741,11.25430392220642,232.08880188577135,5.859375,-0.21741082790627347,3.6321884346835533,0.37775451588067044,1.5612327606739276
ictal,0.17453336715698242,1.3453507517983192,17051.249947005632,2.2451347821452163,887.9730080788769,0.7128559263508926,512.9387933993638,0.78125,1.2462948587340978,3.396961522251093,0.02966825806021323,1.1934200858840585,0.5238408652046757,53841.893897283924,2.061906537088818,11916501.49094794,2.7559694604315554,64442.72217081738,2.5390625,-0.22282958354473723,-1.0777304395021108,0.09428252536499789,1.4126548656270288,11.745355128338675,286959.0986032151,5.512596481633127,42390.67883065034,15.436811393041571,2375.7112489786573,9.765625,-0.26158054804458564,2.5427600963182257,0.49807725435540445,1.830862429138913
ictal,0.026928186416625977,1.7591198517482374,28775.459903878374,2.349648477648593,4074.3753074404485,1.5155739624449844,1041.4588826288932,1.5625,-0.8384273447811204,2.1424587950631517,0.04382977572375162,1.1947384258000038,0.6703613306902712,60953.098348429194,3.1616970002987372,2707027.5664292746,3.173207551231919,25876.196942194754,2.9296875,-0.1509246925484232,-0.5591240196107994,0.09355613460813085,1.2848797739302387,4.893769404062614,233911.82470487885,5.7896535770582425,82795.97174043843,11.825273966447128,2410.309327487342,9.9609375,-0.39033391806304163,7.673217303427808,0.39278606603517047,1.348509800647891
ictal,0.12267208099365234,2.557892349941906,29978.629100081886,2.1778825650465428,486.9140781354253,1.556536662153437,383.54544675741,1.5625,1.0742964368138146,3.788030002887777,0.04198520375747625,1.1944068956227951,0.4741615819796034,53137.86699694696,3.32892561176154,1000621.3513732969,2.769658067123015,11896.551392222094,2.34375,-0.12428883243611816,-0.9427448041141337,0.08661597749414505,1.2087200714439195,12.419026721771724,232235.47835734146,5.797148804254746,6641.006283271719,12.289954945430159,1296.615818571431,11.328125,-0.30394680925794876,3.8594389518376833,0.4101435975866098,2.0432337003399845
ictal,0.07081127166748047,2.3960716488764855,23651.54895530806,2.6384975719411767,222.28534753563537,1.3476983055247629,237.41887500293623,1.5625,-1.0773566283756733,3.107647067951091,0.03873108881333032,1.1196079591803176,0.2927521399212334,51995.7844194391,2.2048170382304453,3547143.6469712905,2.649571195435786,32044.379692515664,2.5390625,-0.15585662190547622,-1.2495060767198949,0.08515063583141404,1.0758764089486172,11.078138997306366,195778.9274882402,5.606403226150302,2406.025007673727,10.035822732384421,423.8340159179283,9.9609375,0.0760869524581772,1.2754076438012687,0.3540922883909747,1.7641031246449888
ictal,0.1406233310699463,3.597799800609177,17009.517087006312,2.3983021064970984,18.431805105337887,0.8676521484922564,63.806265594304584,0.78125,0.47466879965225955,2.388594156653415,0.030270075988981356,1.283960664770556,0.2508574812524473,45988.55493009141,1.5670020058141256,4125275.5103986976,2.35450611777531,41540.415133155526,2.34375,-0.23193135701050754,-1.316902897756463,0.07519287240174431,1.0910100569788908,29.411948236694087,279105.10654148535,5.300028289958357,3719.725109443613,12.789471718890596,887.0779467856718,7.03125,0.15326912335067422,0.13961572905248598,0.6011918836411099,2.067332096185296
ictal,0.02393364906311035,1.0275674013658371,25567.574179902524,2.8841449727104567,1193.7276610982483,1.118098794799742,516.7324027969657,0.78125,-0.2724241561425264,-0.01794774293547219,0.04075243263820242,1.19828749848424,0.5765563007332913,58513.33368091012,2.309327205158403,2178151.3305610423,3.0276035164254624,24125.82481434244,2.9296875,-0.18228202465227347,-0.9053689714082069,0.09860180462528323,1.252545304244856,6.944366425266603,240329.4850872303,5.503453430506844,15450.260333365173,12.561291015430465,1505.172927531762,11.1328125,-0.5440911002784279,5.55941147101427,0.41238872893128226,1.3091741810502457
ictal,0.024932146072387695,0.9049225615926785,23129.55774105414,2.7633155837140917,1404.1072941798707,1.0700528737759776,508.36809002555697,1.171875,1.5039592008919138,4.513349090199241,0.039003542272390807,1.1846207889888793,0.33850248526393084,49200.78212969265,2.052354047029291,3138564.1453157873,2.559594406686327,34751.63048464972,2.5390625,-0.11733188730353866,-1.225965351982512,0.08012087555572595,1.1957282333252803,16.484953128372315,243455.1923394947,5.626325547077044,1780.502178899987,12.868305794156292,374.2879185070321,9.765625,0.21883568150185026,2.4512176555021243,0.42564678352340357,1.8044962804836115
ictal,0.018948078155517578,1.7362419470413242,26090.681184477435,2.510601115735174,1108.6207093919375,1.3858892090573056,639.94013843575,1.5625,-0.18232277155377258,-0.07939220423533166,0.03826699393852601,1.13507881111319,0.7126172716014759,51617.402355038685,3.718486452641957,154342.1920286381,2.5830831053446612,4398.084519302229,1.7578125,-0.15689084083404403,-0.8679636709501239,0.08527988506166802,1.1463424751579572,6.8327587672202235,212530.5937871497,6.217523938757383,6067.905304761883,12.16408699605586,993.3640929359458,6.640625,0.4676192278494101,11.50687026802047,0.38530378080376076,1.8531408454019154
ictal,0.026926517486572266,0.8709995548433088,22806.07708327741,2.369079048295519,7017.699348829756,1.1709766001318436,1122.508833798728,1.3671875,0.27816558420063764,0.12309188377937508,0.0370735226529322,1.128806271677114,0.7968920304631848,55812.88463178072,3.0639819679083358,569733.5082010173,2.9067738647523615,12590.115107792863,2.734375,0.07128169743423109,-0.27778356836397755,0.09696617415012035,1.254532806074586,10.33868087588623,250707.14375105826,6.009751954784814,2557.935138514119,12.941612991574587,523.6310728956979,10.9375,0.01415149397683014,4.1707632985207015,0.43097071233375456,1.3499161940612576
ictal,0.18749737739562988,1.4842563054265117,16448.29620509813,2.713974464701666,451.39633633477325,0.9373288391527738,342.2531814241985,1.171875,-0.639079883941882,0.6687255806661354,0.027784906039156156,1.3413503155281847,0.2804752763211395,47105.86050460037,1.7381358037002173,3180843.5610497454,2.394791825846833,37683.02740468261,2.34375,-0.10556341262748282,-0.9328147577943136,0.07920781457810562,1.1143482947862073,18.045924381300217,222373.36336709108,4.6296563956240995,3292.8915292475153,11.528576524268349,800.058699542852,9.375,0.04667433371737392,1.1966515917240397,0.4258044298518372,1.8989810557968352
ictal,0.023935794830322266,2.0077165992064856,19966.000355991502,2.8053340661568633,2861.620176992958,1.0813746767034544,949.5374825067813,0.9765625,-1.7338804419894165,4.2443107844655135,0.03884484793932624,1.2221024066691002,0.3023084350196399,61378.282732788124,2.427099021736148,46967936.2884444,3.0972529809033893,133147.7038045736,2.9296875,0.04252977197313845,-1.1059689991633834,0.10190656934081443,1.2489367232093609,3.086229001296803,257311.89513359842,5.867242939472562,578955.0051457378,13.545042315225011,8684.538729347809,11.328125,-0.2771114134324876,7.1587663027702515,0.4511161929967856,1.3416441892283797
ictal,0.01595592498779297,0.8686474382058988,23725.532237973086,2.597908101619979,23337.643220837144,1.2301597820790853,2068.4357926733646,1.171875,0.49421986777704546,2.0686842901172593,0.03926070494979827,1.1001052950470553,0.32702828965642866,50204.00015417113,2.9744906866646703,1848434.0517531128,2.5792285803170976,26788.15445752534,2.5390625,-0.03682302458062785,-1.0111329359693084,0.08330663619224705,1.0931953721172847,6.8487326033130325,208165.23144986216,5.611730143661074,15068.290595438411,10.706187212422968,1835.223722920379,7.421875,-0.40209104990173933,3.7088948532228487,0.38056298731634497,1.5091170591303438
ictal,0.04986429214477539,0.46941821452106214,24499.467163374706,2.5384036040620668,35053.58193365875,1.1939751863504349,2669.793795605128,1.171875,0.24819705473247708,0.4461453027991391,0.03551926551135612,1.16555304242538,0.21166501013076677,52158.45103203407,2.065439842011585,99631466.98464596,2.672414762120096,204775.86857784406,2.5390625,-0.05601227242145308,-1.2233742903779345,0.08618325629224059,1.2118209758540301,4.513380494784953,248708.41380087435,5.760029130335397,90908.36967486827,12.788712486692287,3320.4982761043507,9.9609375,0.467639099709023,3.2223696951209027,0.4221963272923263,1.3957742205191186
ictal,0.10571765899658203,2.410760562681489,27338.159036192592,2.8285828853945527,806.7820556151552,1.4842939792180836,502.30538263280965,1.7578125,1.1768485887055176,3.0507195622383074,0.04265082827069346,1.1685537362788905,0.2701928240292643,51540.116236779206,2.8194143084468175,22259932.568902053,2.569243880793758,82908.265394026,2.34375,-0.11188097067629232,-1.0787522279209196,0.08664532662563883,1.2143041193575919,4.307976830972162,208180.70890150868,5.153795837843305,153440.52416548503,10.815417021840718,5216.124180640534,9.1796875,0.07163089398481362,3.501779895658734,0.3800879888062452,1.5340143552678365
ictal,0.16455841064453125,0.7966247545297569,25464.884905981886,2.997155663353497,2205.346416687816,1.2499448773235524,657.6965784805632,1.5625,-0.13647139247049397,1.2444724106044802,0.033247316955544476,1.237715007372092,0.23609752748772855,54213.774381310504,2.2658033867145018,36529090.85163634,2.741406806261672,106873.32682734601,2.734375,-0.24216402532650474,-1.0926644283729858,0.08975971767228813,1.2090548868236048,4.803380611922751,230513.63688816756,5.736201573979209,61482.566215323786,12.231376515167986,2357.2034465373936,10.9375,-0.05196144985518914,3.664880008471185,0.4000143780828138,1.3274994067331192
ictal,0.08577132225036621,2.7290364593429244,17172.726483215036,2.8749228369702413,132.69065341525445,0.8900973386490121,164.325786527505,1.171875,1.8787970994703986,5.074393505247137,0.021447427597076765,1.687566588766893,0.18006432029963707,47556.47413053718,1.725045342832189,72890976.64553128,2.4342514503766535,177307.3665470584,2.34375,-0.3059442945730799,-1.202151804835396,0.07937311335010583,1.2081553051537504,3.9489382013759036,192247.22619851376,4.191156732421027,263590.1496063061,9.920725426374817,7476.6115174320175,9.375,0.22520227490579806,0.852626189076906,0.3473711751135533,1.9121284701278283
ictal,0.019946813583374023,1.485090777529618,25802.00200864423,2.8727606560692256,3522.7260908480002,1.3198591921810798,981.3501848684473,1.5625,-0.5924168587544817,1.6714922154769445,0.043714181506412327,1.1638583756374414,0.3291795445519997,58597.75430530437,2.611749554134336,2847962.4297416066,3.0118983623881626,32091.11323115845,2.9296875,-0.03544176947854546,-1.1149716728496069,0.09169485267648966,1.096244369260615,4.86396398142202,226082.33095137108,5.6455516922693985,82492.89299513056,11.591415271913938,2991.969246584448,11.328125,-0.3540686775131493,5.566355336733599,0.38930040401244603,1.381550994292124
ictal,0.01994609832763672,0.7318196037069248,20766.470918916748,2.4797613760087307,51136.80657915218,1.0460592454606892,3166.404409769481,0.9765625,0.6196943752932688,1.0558202086753736,0.031181617403047875,1.2005676069034381,0.20012030956431623,48826.33037253845,2.3237879791398752,3664237.9535634527,2.504444004351053,41122.599726474626,2.5390625,0.03364726292908345,-1.1764077391258194,0.07979010348694436,1.0886628779401577,8.055823922258972,206015.47209674263,5.482249887516936,8206.258461015635,11.047429916518945,1141.1862307461306,7.421875,-0.2105083237591849,1.5549874290323666,0.35470777995277936,1.6233980043886973
ictal,0.03789854049682617,4.416848085287533,19886.922848285067,3.0412699713929654,143.60959976334198,1.0208233915915759,131.6925446046285,0.5859375,2.7096882606507715,11.134130004964115,0.03168830323479271,1.281285428635663,0.48170782562793174,46651.88042173587,2.6269662394854936,1437273.5137252584,2.401645492455291,19914.834382048506,2.34375,-0.19642991743038868,0.10570348592751388,0.07704562043985103,1.1917438852446756,10.21496761855797,204890.54961681843,5.065924428217022,16777.912125809224,11.17269865959412,1764.1126933878595,9.1796875,-0.009840043198248844,3.276408009075195,0.37385965489195755,2.1234452791546437
ictal,0.1655559539794922,0.5898594184125969,21620.811032129044,2.5314661531220755,34485.8921144482,1.1521858955698578,2905.232366109661,1.171875,-0.18069931196120328,-0.23511212335863974,0.03690137187564747,1.1219244424470134,0.7717496080955274,60965.68226714687,3.828308183231356,753360.4666342294,3.1896835013056184,10683.63799677649,3.3203125,-0.10835800828707154,-0.5864099146042654,0.10650379334084625,1.3065041475613635,8.377062559421361,275933.9938143231,6.362538014385183,14806.62041172305,14.329925768397786,901.1898622373985,10.7421875,-0.6773993828472935,5.263547302286083,0.466688145041841,1.4412355104011643
ictal,0.07679414749145508,1.163768770696437,23322.75104437978,2.3154108088344003,4162.997148186053,1.1669358707972384,1270.9955728105858,1.171875,0.19265277440450995,-0.6559526663073272,0.03857968638201133,1.0747855491233131,1.017913642602236,54257.60075891552,3.7635724832341184,332449.2246365906,2.906409668438378,7906.832705919613,2.5390625,-0.1255329894275663,0.09504230853625817,0.09347615225959928,1.3824697168287965,12.204135521074566,242493.7663542604,6.23667107011351,1524.3991847164725,13.120162061082663,276.75721851472537,7.03125,-0.9592074838137525,6.536514655026059,0.4486612873286105,1.4596888053156623
ictal,0.18849420547485352,0.44117548622373265,23754.16921734289,2.034358401303874,54558.3291179571,1.1739489149099467,4305.157939265237,1.171875,0.15578110673992582,-0.6865159166790855,0.03871215262196164,1.0444998742331655,1.1685445119202704,54453.12706997273,4.304140339409767,256851.67306876197,2.966631151020211,5269.849140899378,3.125,-0.23653282036908685,-0.7146924405947908,0.09831133926895666,1.681111018587362,7.859636207758955,280691.24663493066,5.44430945309943,17117.88740110058,14.817439950621543,1735.0833614359017,15.234375,-0.45883910292730806,3.991071147344182,0.4947667119582939,1.3343112495132
ictal,0.1825118064880371,1.0658879710788465,18256.992422499934,2.0195394375781017,4932.355341515596,0.9675345893926777,1405.8332357799636,0.9765625,-0.34878653607198884,-0.5543538916220996,0.030699246126872665,1.12869321632987,0.2584279323723606,46182.49677860526,2.1562676102902074,3458726.203086553,2.344574185517172,35170.01763657442,2.34375,-0.10942499651522632,-0.7692558898669688,0.07627234259804988,1.0954791768474845,8.534421745422039,189355.196170462,4.463612261565044,28986.783126341852,9.719538665635763,2493.4647874877037,9.1796875,0.34445141413751773,1.7107296893603845,0.32961301659773845,1.7821219991468065
ictal,0.02194046974182129,0.3835879624379703,22708.088098708748,2.062642345033843,294353.6331310215,1.221613796185104,10389.118692794917,1.3671875,-0.11500657297999232,-0.28113193871436604,0.03635577370685454,1.1064410573206607,0.5369185867274774,53326.84612431037,3.6849086898510777,205735.90081584326,2.595069873203404,5560.384802571366,3.3203125,-0.14390859173587336,1.2827202670297373,0.09070885712226133,1.1390479971233873,6.186630637766512,250036.69324646727,6.220278862596716,13495.620958479572,13.96197945643156,1093.260377347412,15.234375,-0.141785750538554,5.50962888672667,0.4221277480886422,1.41291805372482
ictal,0.028963088989257812,0.38946985216834157,22359.648475500133,2.584972581024449,99843.62943499947,1.1862582954556098,5829.622305708183,1.3671875,-0.19748903448413538,-0.44091133602194166,0.03449054810251283,1.1039030647596604,0.7294443768952152,61257.28083892607,3.9986948217436207,3544223.6445091763,3.0492427496519006,22062.321856624505,2.734375,-0.020244995816051298,-0.2767156542453817,0.11002073347439349,1.6088726562181732,5.235736874461556,286636.4066745007,5.950835972636379,36127.63478686101,14.612436314714149,2313.244645971848,14.84375,-0.813954737782373,6.287561058215973,0.47896329454843883,1.2943334803644644
ictal,0.036900997161865234,0.47270913453226593,24680.584300773728,2.1769409329671903,53990.038021280525,1.2569054326168443,4710.272212810266,1.171875,0.06727478669632038,-0.750475519380339,0.0406617866084403,1.062593511853512,0.8947510039580479,56589.893666877986,3.942529032933687,1644651.9212001718,2.9923678387231463,14214.376512377641,2.734375,-0.30655592956737054,0.010268914423051445,0.10110150714197944,1.6284209755696717,6.566465221081177,291864.6168438609,5.526268171606494,45217.11522484697,14.800740404436256,3027.6899033334994,15.0390625,-0.41637140126336725,3.6778376955133236,0.46812860191199296,1.2899367632461927
ictal,0.022937297821044922,2.1172800431760277,22624.650004098803,2.6948157714643757,1022.7497775373557,1.3177250972001446,451.14723784439025,1.5625,0.3913445727385961,0.5510770457967018,0.028098991205600922,1.5657052243900347,2.3610725367123018,60145.05938229024,3.987201907471039,21090.716375402037,3.083917316237504,2019.0181926152795,3.515625,0.59753203773481,4.987373863524169,0.10675890750371439,1.1868556703861137,8.810479387651958,261543.95189082125,5.969146933155437,2228.187136875888,12.537544786059017,644.8001939210761,9.1796875,-0.49242883233454526,8.969751248626856,0.4415765170647304,1.3948579396244831
ictal,0.09574413299560547,0.42589837406466025,22471.5845617279,2.3482282752102197,120315.16579198588,1.2132918775013952,5840.028090767601,1.171875,0.2865941272926922,-0.9193338899264729,0.03670087517838869,1.1137913025189532,0.6415383431948616,58644.85172363772,3.601997508471402,879785.1040463392,3.1280816774027493,12538.738361594847,3.515625,-0.048659810249801,-0.7812826240074036,0.10001078711921714,1.149960592076063,6.960749846571982,244135.5628293857,6.130790211802306,18307.776359552925,12.89672877915093,1280.362618684318,12.6953125,-0.14074447580025268,1.5800877468434384,0.4116128934672688,1.5049326243209158
ictal,0.12366890907287598,0.8265108786100176,22261.77296928431,2.5617206973846613,10608.056315122632,1.1648952896427398,2000.0473727599563,1.3671875,0.5450613734884968,-0.19313117340662567,0.031944462861022156,1.1157565007712653,1.2875622090102696,61411.0505336227,3.753349396594147,304061.1578757296,3.0792277573834452,6948.040153143464,2.734375,-0.0320335793005732,-0.010981698352346303,0.1072137709547311,1.425237382130752,12.564997557270809,278577.87549109483,5.976769482826588,1334.7431554255177,13.987468135752577,320.4812556466156,15.0390625,-0.234582062736769,6.471856310051596,0.47746702489316767,1.3460338130014662
ictal,0.052857398986816406,0.5111377162782792,23386.920530114734,1.9992674233958578,61919.462784066265,1.1897927730036393,5090.4923577304735,1.171875,0.4097324554170188,-0.22266200565364214,0.0385689392125306,1.066787829838468,1.3623497083028184,62726.64793316102,4.062094450068148,374200.00788894185,3.352973189352503,8516.794950568763,3.125,-0.5789894051453973,0.7050867724564758,0.11419209815468737,1.5087748003409187,8.066593900704644,285610.9414864899,5.442798935041899,17074.97730230774,15.044661159460967,1914.2988977497712,15.234375,0.20762795825239053,4.178189394003426,0.48838790489998213,1.2614040355424792
ictal,0.19148802757263184,0.5140951554015335,22222.3745094904,2.12812236928293,77034.47462638268,1.215000587300841,5284.116204522234,1.3671875,0.04113906268810476,0.215690416392341,0.03615991559097315,1.1331984320002513,0.7034950999508068,59598.726444615815,4.194284221993887,46632.798102015295,3.1382763923657353,2684.8581760619863,2.9296875,0.26693887164524777,1.8499238685195607,0.09307266726993942,1.1565190374229513,5.750255462704661,243914.25970474628,6.043615718911389,17934.32482022,13.11177800765763,1372.562027863099,15.234375,-0.00838913912754892,4.410180709500152,0.42118731628281797,1.371483290246512
ictal,0.1486053466796875,0.29982466848054745,21566.860140948156,2.4021283797975856,215776.6972733421,1.1221577105452174,8017.452216087021,1.3671875,0.058115918782085184,-0.5113301389617084,0.03724313530929301,1.0506376273133047,0.7335512652926994,61556.62852160595,3.9860542104188217,2737831.176714079,3.0963217185365615,22824.649295590996,2.734375,-0.002932164661574923,-0.35810515539662235,0.1114856556838264,1.5429261259893952,5.362661478694636,276380.17115101544,6.027224618446646,33052.37953577612,14.3632127590886,1390.2487749849327,14.84375,-0.5647521367799315,6.172528302205766,0.47261717617081844,1.255897706110491
ictal,0.02393651008605957,0.5913596278789863,22561.09580769907,2.121439210301124,20202.204428702975,1.149052936836945,2589.0866379644535,1.171875,-0.019019438576009174,-0.10977747316677222,0.032961666233137205,1.0874410466697075,0.9315739819042713,58596.88569274064,3.6789720236862062,1555301.593058256,3.066830588339531,16320.053761209057,2.734375,-0.10945519887247779,0.05284701146919879,0.1063201860695865,1.5888721772106689,6.975857758810587,293640.4611012743,5.537673850402752,33747.250741626805,15.28161708281009,2608.9765716839756,15.0390625,-0.2139620541838322,2.2905366389984785,0.4696288649087141,1.2500740203506786
ictal,0.03689980506896973,3.895128719502105,24754.85012849885,3.0766891553264606,47.873271195330425,1.4549824754333374,91.90611315536123,1.953125,-0.36104092732704185,-0.7816697008546054,0.04493725813317652,1.1658596751820403,4.622789636097006,93645.33974357713,4.808900117950377,6949.199974612446,4.9262329286808875,1092.2933335761231,2.734375,0.7899440110648621,2.039587003289146,0.1540393329231741,1.3627905585425655,9.121182848618483,277861.8215532954,5.458124409292705,14197.809547385657,14.358408496738486,1312.2183946416121,10.9375,0.11949578886288671,6.060635324665789,0.4699330911446098,1.22990961646546
ictal,0.15359258651733398,0.3835879624379703,22708.088098708748,2.062642345033843,294353.6331310215,1.221613796185104,10389.118692794917,1.3671875,-0.11500657297999232,-0.28113193871436604,0.03635577370685454,1.1064410573206607,0.5369185867274774,53326.84612431037,3.6849086898510777,205735.90081584326,2.595069873203404,5560.384802571366,3.3203125,-0.14390859173587336,1.2827202670297373,0.09070885712226133,1.1390479971233873,6.186630637766512,250036.69324646727,6.220278862596716,13495.620958479572,13.96197945643156,1093.260377347412,15.234375,-0.141785750538554,5.50962888672667,0.4221277480886422,1.41291805372482
ictal,0.06582355499267578,0.38946985216834157,22359.648475500133,2.584972581024449,99843.62943499947,1.1862582954556098,5829.622305708183,1.3671875,-0.19748903448413538,-0.44091133602194166,0.03449054810251283,1.1039030647596604,0.7294443768952152,61257.28083892607,3.9986948217436207,3544223.6445091763,3.0492427496519006,22062.321856624505,2.734375,-0.020244995816051298,-0.2767156542453817,0.11002073347439349,1.6088726562181732,5.235736874461556,286636.4066745007,5.950835972636379,36127.63478686101,14.612436314714149,2313.244645971848,14.84375,-0.813954737782373,6.287561058215973,0.47896329454843883,1.2943334803644644
ictal,0.07579779624938965,4.858836366851913,20239.896963222087,2.8358907573987593,20.527003191151042,1.145794506906584,59.45003863773691,1.171875,-0.26357435412287655,0.6327355458951813,0.033467880049444,1.112138252307519,3.1350072174488033,60224.54475207619,3.373836843304101,22620.444461608953,3.2074957077558737,3077.363198773418,2.34375,-0.4715958155817107,-0.5919592617953073,0.10689058941840675,1.4271255068568731,18.10728107470102,245967.34231694517,5.006439315026014,1369.4144896712971,12.812727967404351,490.8749178660769,11.9140625,-0.1766394324156094,2.2163567840194682,0.43310832895939566,1.567601166434139
ictal,0.035902976989746094,0.6891180513635939,28048.217126152245,2.3767521669128455,17709.320457954112,1.4780027526236152,2276.6312483002184,1.5625,-0.0813817341845993,-0.38540234568467335,0.045228537764611304,1.0912671846059498,0.4513198992392478,65831.74474017844,3.0917038224080446,3483812.0657365457,3.379114286578315,32347.034831453366,3.125,-0.16213385664055735,-0.6802707745022234,0.10839947257321819,1.1380116684910058,3.5492706807804724,237709.17067817843,5.784722602406762,249612.38470705107,12.303774364321828,4224.476769905441,14.453125,-0.7542774663033682,4.802984596792642,0.40413742511240325,1.3373698502727498
ictal,0.10073018074035645,1.1118432949274377,22717.65274044742,2.339417945201943,2547.4837359717185,1.2206830661922747,1012.5096082460194,1.171875,-0.17359800684543064,-0.9371555070989319,0.036394270680039656,1.1512275162522758,0.8811491146225708,56638.93107753709,2.913948910277736,2890113.692807559,2.9945308188707873,30941.94819718761,2.34375,-0.4858503228381806,-0.7007256141297828,0.09577461640725421,1.4519551368576429,3.0987859564543165,218513.02437336923,5.2012973800071185,401865.4254002299,11.373163186282515,6666.7044804405605,9.5703125,-0.023677349672942515,2.3931492895909434,0.37485773386469007,1.3211687755999846
ictal,0.08577108383178711,1.3015026473591735,22106.87242027243,2.7630906521681613,4070.3637135694426,1.2819828250011458,1065.6237670189537,1.5625,-0.5685482325086886,0.20250571345156754,0.03787901587841647,1.2231957427255966,0.5663701601188476,60623.965827165746,3.5213219358742185,664488.616838606,3.2590149614122796,10816.358189712733,3.3203125,-0.284814634224495,-0.9294175758844028,0.09758913027408216,1.2220088228586814,6.0341663159025,230845.80515136986,5.985149605351619,22799.442561627464,12.88179347886098,1425.58550897594,12.6953125,-0.18501606032685727,3.498283572182074,0.399249423781412,1.4585541902867534
ictal,0.030916213989257812,1.2074548877685156,21136.184023477752,2.175266640238095,1532.9148878499486,1.0135632967750552,681.1851968261296,1.171875,1.2336500474728858,2.899511843939723,0.031674599719042455,1.1336034695059027,0.484961501623452,51296.04814269932,2.1750453947782624,2976185.2986748763,2.6716516265621633,33390.60442435227,2.5390625,-0.37835260154617045,-1.1311535547105724,0.08490316637283987,1.1829188690963923,5.304530237745227,202678.19006435198,5.5718619986576226,40999.54787876918,10.532547699719316,2240.2686215290173,7.421875,0.048011572922714144,1.2602448296853082,0.37242848047746224,1.5923996517857941
ictal,0.025928258895874023,1.4157886527765535,20530.51027982417,3.045648511082379,2267.801355618879,1.0530665790726272,614.2883001276891,1.3671875,-0.37414507793083507,-0.41432055453517824,0.03426898668938239,1.3143952943389356,0.7680431045041067,55080.62223893308,3.789057933820525,331369.62521998107,3.0200357418697776,10247.393514900712,2.34375,-0.33633640888109345,-0.6062694617619657,0.09358970943413933,1.355926826919338,12.635305424955023,249095.60824632776,6.06028201032399,3826.1939385631254,13.1301770257598,477.93413739036794,11.1328125,-0.05100611380274745,4.036227274223091,0.45638259183399704,1.6599027917543896
ictal,0.045876264572143555,3.322041478358986,21374.00572241139,1.9621925112514051,341.4949168617864,1.1098113076837204,297.7003214887086,0.9765625,0.041005057540317094,4.20827367432796,0.03396684735984521,1.2173166126022268,0.5133871391476914,52751.30346485775,1.9061096105483342,2100474.6800290984,2.7179227905363623,30114.389791389505,2.5390625,-0.25202854557640353,-1.2742739993573027,0.08673498116093097,1.1587163470424797,10.224656519317357,179970.21578944565,5.09804117320167,7350.0310242295145,9.295618704433211,1255.827727171596,5.078125,0.36430762608039996,0.11572545524277977,0.3345329160573614,1.895888882511381
ictal,0.025931596755981445,0.9610176596914293,22145.009479179793,2.7146667480973923,2518.2262713791047,1.0226428708554713,664.0214871433141,1.171875,-0.5438008320687098,0.805891971950357,0.038219423915557695,1.1513473690885312,0.7365201153817934,54886.99440836009,3.2961947443066317,980736.7272628336,2.9361715614891626,20262.82865951712,2.34375,-0.24442475293841615,-0.989929042765783,0.09560088769396333,1.4055302427397278,15.83430674741792,289527.7020083732,6.322305885038244,2698.8635957188144,15.534288398488714,367.91193204091076,11.1328125,-0.5372874982936792,8.479199779492692,0.5114605699616561,1.6536044660272686
ictal,0.011968135833740234,3.888463931141037,17157.791134422336,2.395167714864222,117.75339026404718,0.8194371625928991,171.6547820678859,0.78125,-0.029682859335074283,-0.16204855221489511,0.03311158842514135,1.2405033241436554,4.176026388325395,75239.56457268375,3.81155116778848,8047.685707037838,4.095236800684138,1521.7211252203347,2.5390625,-0.19489267530025084,0.27708341594954256,0.1307416454487747,1.4455525439897818,9.966295457448862,258282.47328869652,5.191632733960267,16933.84925094141,13.438703106801775,1248.9939200175445,12.109375,0.09584018522995273,3.6445513248054606,0.4375105638470572,1.4921549791646382
ictal,0.018947601318359375,1.8152881031207615,21817.51571254247,2.391810098403343,104.89898390806795,0.9651572592667056,191.9316801854126,0.9765625,-0.7367724334503218,2.3567972234275834,0.0390410384360478,1.125120353890284,0.35143382516052646,53481.91933283225,2.1771894620115044,1904609.0210094093,2.750402065865102,22281.120891270355,2.734375,-0.23141644837404363,-1.32812733650646,0.08830111032572886,1.1039675862604719,10.177597805951404,221724.947848829,5.79620900354892,5453.937374234888,11.920286237120589,747.5705173198915,7.8125,-0.021559650988071787,0.8041306442223619,0.3813047455832802,1.5424201588601487
ictal,0.011967897415161133,1.6909555651877002,22839.349921388293,2.666038750406359,1332.679726425766,1.2106230068601882,502.0711378079759,1.3671875,0.013985768249016041,0.5166876259322448,0.03508056588960354,1.1419714966823127,0.896005265349569,55029.92952642088,2.756934396874362,1232027.0472607997,2.620290715856613,20440.995731793086,2.34375,-0.19962224541430448,-0.7587310820983069,0.09663780441130014,1.3816890870861738,11.990539574299527,233539.0708043141,5.563846837221835,1710.4340363033748,11.644849096566114,391.1561921167496,9.375,0.33447721232076744,3.40464452281251,0.4232039819906675,1.5132560005617253
ictal,0.009972572326660156,3.1798065540048417,23651.360554228668,2.6933315141440843,101.08437222672762,1.276344994866174,145.50216539372303,0.9765625,-1.325519095609325,4.482180290975674,0.04066947500060826,1.2218557136923638,0.17692705864365552,55176.030998696646,2.0286059633853353,5646319.545681548,2.8040428584017825,47050.02567582583,2.734375,-0.08664896834855723,-1.210586131748441,0.09137353219836836,1.0867454945897068,8.252951864723775,198932.39538504547,5.457928213141362,4988.814109992099,11.12210298198849,792.7648022034109,8.3984375,0.23240233320871204,1.8094284216843493,0.36293510134327944,1.4707925434355658
ictal,0.011964559555053711,2.240247470498616,21273.28910500339,2.541985204203361,1731.185754333581,1.1060649382672825,602.4906784387516,1.171875,0.8796137485005832,2.4840330948737606,0.03152713715147938,1.2680879004978476,0.6799946885648732,49335.556267098604,2.397283532815284,1336894.5678461841,2.5277469918510582,22055.710699010542,2.34375,-0.20520457010172327,-0.6859673668840172,0.09736633312850478,1.433187725665824,10.097684825540181,208552.66701576652,4.597894964052734,9411.825315363589,10.88658687638795,1634.3164909033342,9.375,-1.2906820902007936,22.140997824300875,0.4257456206475159,1.517450003702758
interictal,0.021941423416137695,5.031890635075185,20305.684521749063,3.0451518023052984,7.901510522725356,1.1825108102203492,42.699592463320805,0.9765625,1.146290790362772,2.50342149221383,0.03224618503415943,1.1773858020275583,7.63294207543825,77184.55871277719,3.79277448480496,171.52227884859536,3.7999875982993223,242.1701321154534,3.515625,-0.08911916833596366,1.4017942004788768,0.1337232577382176,1.2584086872878641,74.64954571627125,235488.94228755598,5.7179988562388395,6.22560891400305,13.18215608751565,28.986315741935737,11.328125,-0.057877954859129055,1.764121798973786,0.4364881425798051,2.010280521642198
interictal,0.07878780364990234,7.420231772272077,26548.970124356754,2.5220566979634387,1.4141559231903946,1.3527660359862725,23.152084963697156,1.3671875,0.6269188604446703,0.18339276759148904,0.03811381449470221,1.1631569018324124,13.254763157253814,65171.010322327194,4.3343954569623735,24.73344904705205,3.455987952332371,68.37796447610249,3.125,-0.10588646395679219,0.0680020258003986,0.11143328557071125,1.2764740239877128,43.71114525975168,205433.7818227299,5.813908367405135,29.142927719991935,10.744950001325392,67.94799445377646,8.0078125,0.38844456520753734,0.9287552815541575,0.38854946271372914,1.856735888883593
interictal,0.05585122108459473,5.657772612720661,33540.676711943954,3.393753344746201,166.141213356962,1.70149912198476,219.2920337894736,0.9765625,0.1336616242395501,0.24136591949146213,0.06295312372984169,1.2587766519638874,7.966617195828656,110517.26517538079,4.539001703361438,293.2370196074473,5.512593470401551,174.58620570782657,4.296875,0.00915539651201667,1.1919983426514582,0.18198485742775602,1.1127213539849234,17.0613716679926,209962.76728588474,4.656556982457591,586.6662856489974,10.719723530019603,276.4665322783086,9.765625,-0.0709313806566101,-0.26393425060038034,0.3685022501462647,1.4724119778655071
interictal,0.157578706741333,2.8017976440342993,17177.733869489086,1.7761045705887524,6.7930605677628115,0.8637287336996429,43.39488259723955,0.9765625,-0.2047645557851223,-0.47336564621343413,0.028471931034248978,1.0987935786777385,9.201966621793341,47915.164803266,3.755956583934951,111.96393540966783,2.446135258315868,147.33837340501097,2.1484375,0.05654969132586788,0.2684035623559353,0.09057925383985585,1.470699529625012,42.57537174553166,207847.0267656935,5.726358201321315,24.127064497541507,11.178717049697646,41.845906690119115,8.203125,0.19128161933455437,-0.1282854953987287,0.37285220670877806,1.9772776738399624
interictal,0.1825106143951416,3.9888714554062252,23744.04032518434,2.597026250181458,34.79959060461681,1.2244924580279646,87.64829139484453,1.171875,0.6285485727073279,1.0155498250840536,0.03771155538773819,1.1197136794913136,5.588219419247995,67509.66340985124,3.537630583887173,996.7066315906657,3.422193345466505,508.1599098022682,3.515625,0.0349240793889456,1.2866127336716033,0.11992245668905903,1.2772270335076494,88.57488934796285,329497.24235792755,6.31386032453188,25.169149886015045,18.7839229325193,66.82876896543866,11.328125,0.05190692818863004,0.4345185114894705,0.6295698351177325,1.890567437741862
interictal,0.0827784538269043,4.715719717337394,28317.556455624574,2.689324951866601,56.99401748712965,1.4782089985276363,109.15767641975607,1.5625,-0.16505588157733825,-0.3166080909425659,0.047259930563028955,1.147389384918252,6.768556623592407,85008.65474643628,4.028888026807577,40.02185406106381,4.212192229034026,90.61889000404607,3.7109375,-0.10752357475038664,0.07346462591109759,0.14248734815159764,1.1186813621648983,58.3499000111967,221045.9977052653,5.843434091594976,17.445837707333,12.784145522286842,42.027296054000985,8.59375,0.03893227591891933,-0.18361599234193093,0.44587437035295163,2.2384088284987733
interictal,0.05385565757751465,14.140732834075049,44954.70089715887,3.9905447597216206,35.649475363704504,1.880434829520124,78.76571051811804,0.78125,0.4137485686682187,-0.017889173430923666,0.08980738728509373,1.3744311555046393,16.80807935080364,140717.87525507566,4.094788690674185,16.868894283539014,7.324112452354978,53.162164332884174,8.3984375,0.058898346699418354,-0.4502520956425107,0.2356065203912748,1.0940122989538887,99.49867620839252,299254.3215245248,6.154079164208701,10.96068160801519,18.197382140682386,50.70799233318613,10.3515625,0.32725177510860587,0.9579352555150527,0.5584479149912032,1.8915364968191921
interictal,0.18051743507385254,6.8039243861536995,18293.65099709357,2.501227952782058,5.283177021949382,0.9532662963858395,28.942373401097946,0.9765625,0.4318547542662326,0.6821140356120221,0.030796298711854256,1.1135862902834643,6.882817638677536,47776.84378376673,3.4877058235077523,51.079204916736906,2.2233426056540853,111.83946871876222,1.953125,0.039705263592238325,-0.20880857971491773,0.0835881555319278,1.2433791750061725,42.51768842454717,177009.19602067058,5.557654747129633,49.09908214264669,9.454732994873714,85.23785452071262,6.25,0.10143266839499747,0.1400839247687342,0.3450992866070319,2.2591393501998156
interictal,0.09175300598144531,6.105159182077226,23526.66540148853,2.570765511179536,2.1165664563689526,1.1586031450926497,23.00457698934139,1.171875,-0.17855533502287615,-0.09276838231697226,0.0390341768045495,1.0797143071412787,13.25780881595502,66190.57980618734,4.332424353291801,31.60880838030946,3.3760991591278984,52.4305610985343,2.34375,0.1221022656519112,-0.3014806716135565,0.11316694586170707,1.2870108881441071,53.632548622242,192192.52807666123,5.516812209397933,13.325232192047702,10.037325726002653,40.54097249157685,9.1796875,0.0387298460784039,-0.23846375808945997,0.3650667275739353,2.059285614728709
interictal,0.016953706741333008,13.567132630216488,32260.33309065505,3.3316750093505343,5.638179911663832,1.618399455158525,32.8284539645788,1.171875,0.18706141355230643,0.49376229484480394,0.055405607541676616,1.3436241696311855,10.509592199478378,92287.72168335432,4.049543111910361,7.304707221690205,5.044128862457773,26.335771812870835,5.6640625,0.0006271901623640211,0.32505849638520656,0.15205067357320567,1.075466090554234,46.12384290546376,216725.44943735722,5.7857181704393925,12.048966688978064,11.702916730105601,33.47597542812337,9.9609375,-0.05180048787563427,0.8425355152238283,0.39476105143470436,1.8038945780220796
interictal,0.043881893157958984,12.00168961632595,21224.671965652924,2.7685654634054027,1.2752018129823652,1.1191699425512918,16.848845265461453,1.171875,0.3479243407939272,-1.017037042722576,0.035703993354853664,1.254760573654011,11.435510384474668,65529.89286764014,4.2478954349539615,12.990696156419308,3.3696533385152914,43.22109403496774,3.3203125,0.03580240257258774,-0.3783230262389119,0.11562623952727301,1.2142004553324872,25.950421591728972,192330.16432774352,5.14321641238039,88.82101769968514,9.970489762284117,83.3942527478943,7.2265625,0.1391421448623389,1.7366298107972131,0.34327670800683524,1.835888313158949
interictal,0.09474539756774902,11.290240965391234,24306.111897462244,2.6836742399285134,0.10088418663146816,1.2822691432498086,5.099319938702125,1.171875,0.107260045308257,0.6145755070358256,0.04109246318654842,1.0721638911972664,15.74402079918504,63392.83342433983,3.941161565524722,9.571834459994015,3.2427832839915545,47.063188797289236,2.9296875,-0.26681525105757775,-0.15647389605261397,0.11169719899461016,1.2278885895931786,52.1798958024144,191574.4246993284,5.515582551664218,14.527936799037649,9.92515446279108,35.89284953803648,10.15625,0.14430411772748475,0.5905978436327337,0.349530710400785,2.093622520538935
interictal,0.11569046974182129,7.444458745649251,18594.721111709616,2.538417345070256,5.408274773243578,0.9706911479305547,39.56996746008511,1.171875,-0.15536449650231585,-0.32180618297366026,0.03130296008114596,1.1152606372497074,7.51323589324592,37685.14578519352,3.419872733073342,82.77699329366476,1.912630952359854,135.4058735250256,1.3671875,-0.12525072940568838,-0.1566691547306549,0.07071277655482418,1.298374591264551,36.763920357580474,196837.56103586763,5.709744417380769,41.40897178359122,10.292734861421184,64.65563923359811,8.0078125,0.1515042649892951,0.6631747103903662,0.36732038721382015,2.0755093703270715
interictal,0.07280468940734863,13.100550774473005,38051.60421206067,3.3760936213142796,4.221943985959645,1.9481465449516158,28.26896426738166,2.5390625,0.19275646338667968,-0.7377591489102242,0.06554485681662334,1.1830301319578818,14.420047859742242,114925.55638112304,3.714904381537187,19.026821698278667,5.849990055151163,60.66557311005999,6.25,-0.012260040247146265,0.04304730753261987,0.19384312625768083,1.0757796674654625,54.116914893770335,233575.7416106763,5.744852461190939,4.161071187096133,13.6092795055751,29.564659346249925,10.15625,-0.2099833760381517,2.809080557817879,0.41783802633297057,1.7507651485621163
interictal,0.0249330997467041,1.7601050071556454,14143.152842080686,2.4159139844250674,61.49485693621586,0.6098733773936365,127.1890553068627,0.5859375,0.34723633812943455,-0.19771995585787394,0.025545910842150552,1.2288154615796563,6.530927833451367,47517.94254233222,3.633559235205153,330.2408304996427,2.5015434372715277,238.01253701311757,1.5625,-0.3048494410109682,-0.42724909527581945,0.08336579914652141,1.2362338265323356,39.3779989024622,211316.29117989045,6.127056655786719,80.0866931851028,12.071872671759358,88.6241741694201,10.3515625,0.041410778933183345,-0.32272351274442856,0.4236257798343864,2.237906100658024
interictal,0.01894998550415039,5.835674989908726,22624.26471617763,2.2170779389796653,10.786821490301191,1.1781962212194703,57.982874970311556,1.3671875,0.06277835544029173,0.44874927608713655,0.037621560437022715,1.0887662017354627,5.996768194716022,55749.335790043806,3.5965786915374487,330.0426834818017,2.7801559900322887,244.74840435129917,2.1484375,-0.11629594758323131,0.861008254203278,0.09977581922660568,1.2668201315684182,39.448414753904096,211558.56023585843,5.199066373196809,145.8816198265702,11.165346142512623,194.2299413937349,8.7890625,-0.11854157890565759,0.3219975429530937,0.3778463619081567,2.0562885381676117
interictal,0.054853200912475586,3.3499824906884075,25344.864775363083,2.2138807644475027,120.27606973108678,1.3086417735777403,197.73002089884997,1.3671875,-0.08032378511218018,0.17034757113782506,0.040880730358774854,1.090760563211993,7.294526681102693,63534.20669720064,4.241657126400954,193.37329459757436,3.299167216183428,182.3226481749532,3.3203125,-0.21569034675859203,0.11302877797849442,0.11015119740663945,1.207327623124113,27.139425474534665,179439.91134829677,5.446020148842709,128.05269888967064,8.90221427581669,90.24595280223896,7.421875,-0.00683234307645039,0.22082656783498678,0.32022726637358234,2.020706248450942
interictal,0.1077117919921875,2.453250427193,16444.75146283158,2.160131095028008,62.607526816013916,0.8522153347726612,155.47101957679234,0.9765625,0.5062447549771449,-0.827382425197698,0.025562454438374658,1.1581676743807188,6.158849124884943,63865.06619084757,4.370934850281601,148.90977326891152,3.585835080976146,157.4648861823428,3.7109375,0.20514133466345977,0.6079207344248365,0.11026163188240168,1.343865634045781,34.97340764010567,218039.24694761742,5.580292167627624,82.37212846001007,11.452991256781138,91.1463290646642,9.9609375,-0.019992061399558822,-0.19934261341099502,0.3970764489917548,1.8787591761265279
interictal,0.02992105484008789,2.7443114077754913,22852.654631247526,1.9455115966860033,41.23422999945574,1.201250374746547,110.53884205817653,1.171875,0.37639156625828585,0.1323209614767089,0.036577369942718,1.0771277307202651,5.305227038021277,51332.366916039915,3.801579425438343,178.43025980680892,2.663034068014688,175.43778638099954,2.734375,0.6360000770719647,4.160245601197194,0.08688027439181448,1.1683505070791143,20.047038913019417,168713.27161367555,5.382940766551554,178.64014232799167,9.439854369601592,192.68452118245057,6.25,-0.293074830939799,1.0596276401963127,0.3084683805491457,2.04499870507243
interictal,0.02593088150024414,5.266958177289003,28413.846918800195,2.9164214834593847,37.02853216169773,1.472355997452784,107.70345994390179,1.7578125,0.6481480194162176,0.30371803202504033,0.046550514230568156,1.1310791824141566,6.061747361747108,79557.95003971354,4.480702576510687,464.224710671569,4.101729922327739,203.2398019055443,3.515625,-0.7067003247028179,3.04427082435,0.1379569995821261,1.1756718147990446,25.60731365755441,187418.7413535692,5.400349635969564,64.28652870378532,9.507972243919186,98.77711954215336,9.1796875,-0.012014897531100969,-0.05509678233016846,0.32868161628137915,1.773926947820749
interictal,0.18151473999023438,2.903675325382511,15781.334256100334,2.1134848965579516,28.45978690897755,0.784525448249943,97.63716353406858,0.78125,0.5358916839009592,0.4930401424279496,0.024228476716543056,1.1336805262531644,4.074058138818766,36290.86587223651,3.13654389231848,168.80534253314693,1.9337745558041213,219.13046803135578,1.5625,0.9825003998138601,3.7231059464953953,0.0634058741181157,1.2734932211035392,19.683351131834947,182323.69957958805,5.639852203947462,181.3791866531442,8.339373675595896,124.891657663887,4.8828125,0.014388518746681097,1.3049504906814233,0.32349438761348226,1.815081340689269
interictal,0.036901235580444336,6.4339716639516435,24384.66542778034,2.498112013957758,5.96036069686263,1.24682626767547,37.509102633381524,1.5625,0.3535426226908136,-0.6343564031915019,0.03614545168961256,1.2111039808088138,11.789085779574616,74727.43587352561,4.494333295189595,19.61574136827779,4.004773790613664,46.53311793798769,3.515625,-0.05277292443358375,1.203352021316416,0.1205501913117033,1.2490631264944307,26.821926096791568,202506.2515522982,5.006174316163979,88.30500108476654,10.004478189364423,99.74992581653456,9.765625,-0.019826718335909814,0.12049646997930674,0.35679727395844085,1.6813322060344809
interictal,0.037897348403930664,4.768679499525717,21779.76971534563,2.291187657015578,16.57752774750367,1.086411649341254,75.94554960034323,1.171875,-0.16737897957196615,0.10588071854023173,0.03300862659471076,1.1013997852121626,8.758976405855796,62540.52282767875,4.113828728992478,38.95803702066769,3.158627529885364,66.90432693450323,3.515625,0.12086410600594488,0.4191718315684607,0.11005273708021336,1.1965444824046354,37.131784859530086,199973.86059082107,5.3740033559328895,43.65735241896132,10.535987591825238,72.31459671625277,9.375,0.10147369062528722,-0.0638633757802145,0.3508862248922358,1.8284827024319743
interictal,0.026927947998046875,10.21575928103256,20523.2226105397,2.423580785046632,1.8577060151804885,1.0657042106768086,21.023198141649146,0.9765625,-0.30944753291718763,-0.29272488430355015,0.028574330072504994,1.2367880708078918,6.117392949766601,47002.71020271542,3.3790944093047783,111.46147954144662,2.301559172102137,188.27186926652362,2.1484375,0.02464354003923667,-0.1461381651988063,0.08306126431900002,1.261640010056534,57.41033262470944,206068.43386396827,5.86427274746596,20.878995403910654,10.875502789534778,42.79193919901771,5.859375,-0.021011026910083882,2.7242045982865113,0.41002569142551437,2.1573270179732957
interictal,0.018948793411254883,7.928108661158963,35630.21791680116,3.210965042355348,18.578034396820662,1.838516347212043,52.28794446211891,2.34375,0.2404337887076525,-0.14179331907019943,0.061140106677890355,1.2950665825031935,11.37414449307982,120028.42267147708,4.297675993081289,24.348996656297953,6.1998933977698005,81.27193705925782,6.4453125,-0.13960272724449177,-0.21669157300049413,0.1978048873296874,1.080600287491384,33.64919703228553,217545.3392266861,4.248384922657901,156.29378870965004,11.215797616593052,211.2719748697768,9.9609375,0.07185468278215741,-0.37937401070797216,0.3814407238433502,1.6367479369058289
interictal,0.05186152458190918,4.413516674932154,20512.980494945885,2.7604797045132505,70.11925182190257,1.0983371800309918,126.66495388681508,1.171875,0.5631881523948068,1.5432869780854546,0.03705537763321664,1.243036240991606,5.346350683780098,68121.30045542278,3.92862943850998,1069.2155180178468,3.481017086141381,508.84355111469216,3.515625,-0.10349416231308634,1.98441781737513,0.11535651782499455,1.2117140517705132,12.990338561964563,186110.21342364175,5.364994907485692,578.3367916923821,9.732495727430472,249.1727974656495,8.59375,-0.06678408567197229,-0.3494307083692285,0.32140834184045974,1.6487814300275907
interictal,0.14959979057312012,2.180785359115362,22085.908708679446,2.5089520920430166,661.2024365113155,1.1273819042934339,355.71352200767797,1.3671875,0.22238213192424572,0.28190971826933087,0.03555617975026742,1.1299928990394565,3.726489894615773,65722.489425511,4.25056157264987,2029.4690484043522,3.344704853934457,415.0592380072094,2.34375,0.16368481431844875,0.7202620165953828,0.11597661479068538,1.2758755920606781,12.30646683186177,199176.62582714006,4.847483572259648,1892.2915766454985,10.049826408238134,645.8742768827417,9.375,-0.1268809485103511,0.10624092303469634,0.3395737052945088,1.7381923046306846
interictal,0.05385565757751465,4.377946799092766,21121.763914695723,2.459417093969467,49.45821944519013,1.1075182070946317,113.35062377818274,1.3671875,-0.7792558332612987,0.04130340533124244,0.03258399627430171,1.247830669633073,4.166294154152627,53660.72107496454,3.703682754067218,1623.0866286691162,2.8824114829100864,422.6842872634707,2.34375,-0.04548809482841802,-0.21024047879606078,0.08549788421424116,1.1857132249049596,13.99869263910926,176840.60409280425,5.349502645414011,1113.85032478678,8.591227066076213,327.2755335747859,9.1796875,-0.13348408239145432,0.36204947611313276,0.3132110280616456,1.7948732581963294
interictal,0.05385613441467285,5.30308640054678,19257.835446578625,3.0240209091075996,15.428363161495584,1.077180310978654,58.19296963904307,0.9765625,1.6382654279380655,2.889367783944042,0.02908165357871568,1.2713066992173643,5.438954611238797,73479.58081357146,4.391032122011598,1533.7484482005166,3.8522657943346403,397.0198916287857,3.125,-0.5666016929538846,0.13846442394014558,0.1260253191182439,1.2489732109981164,14.10297316493061,179968.24337115095,5.134115448340467,909.9840184472408,9.168157423738469,367.8452787622449,8.203125,-0.04282792405068589,0.283637118243953,0.3122741072778843,1.5390423522001089
interictal,0.13065123558044434,3.5441141767206656,33302.78581258289,3.2165075028184162,416.1111379963686,1.7489276302274457,277.3709419509465,1.7578125,-0.3309198468671936,0.19217014734439797,0.050157129867656816,1.2536268576119176,3.6466301334590407,94951.75471485475,4.280735052219279,1176.4418439884025,4.729643503753234,427.9481531888864,4.4921875,-0.03353638554554382,-0.0023337310039730497,0.1584508120874103,1.1199388990230346,13.640736182034622,214300.4246105405,5.163912507961455,1359.5538646330922,11.284379027102785,602.8597433996366,9.9609375,-0.2897304922217284,0.35908102114321006,0.3682240790381688,1.4583381091826435
interictal,0.01994800567626953,2.3032383049431657,23876.508565685595,2.3943801815786316,118.45372102489443,1.1871828603230552,215.45857307341979,1.171875,-0.1684450814316154,-0.3584069503515961,0.04145001004801524,1.110044539748552,3.37517141794036,52866.66366995544,2.9946693758295364,270.7738890636355,2.8357896383564096,252.832825167921,3.125,0.013218762295088986,-0.1749603236946209,0.08827010003744316,1.06303860908851,14.438661355667682,160236.82025382662,5.166260506157308,907.3788433664621,8.413966454319839,396.22330979177457,9.5703125,0.22471867260648215,0.6077871189435431,0.28353872553716375,1.7862056702482987
interictal,0.04288530349731445,3.8591983007068174,22864.19736402337,2.85110387757718,60.496959468453774,1.2619572647620607,89.3196635824378,1.5625,0.0875834045218197,-0.8333227643086656,0.03790814898761535,1.1855198341889819,5.779461945131509,68496.9186115439,3.8421100887114883,987.4383922387495,3.487617300197528,534.1728056134259,3.3203125,-0.15931786621048988,-0.03553192412227579,0.11797358784718441,1.2594152919593207,18.882916727370635,197939.99661336673,5.267213431426348,298.5911004502434,10.578329792475348,200.12667716605876,9.5703125,-0.10826809298448588,0.5335001762578813,0.34742160512326664,1.5485911366203766
interictal,0.027924060821533203,5.162245076104871,23592.763854386754,2.55637904996629,13.08438845061622,1.1742409918185683,60.72477797620176,0.9765625,-0.20141294431870557,-0.8486266774863696,0.039901806483421606,1.1164006172887615,8.383529718838508,67412.1698393751,4.428247512414034,150.26974163294534,3.6563666378614164,126.54642476777992,2.9296875,-0.1803894486383632,0.054615566741664345,0.11918829486698285,1.2879505524110055,14.224647143682722,199118.9695805384,4.357323854574981,2579.5888639529435,10.09586886300579,847.1298904969938,9.765625,0.01250361203547597,-0.18939609137324132,0.34029506800952103,1.4850593335392608
interictal,0.17852282524108887,2.6008379190587694,26414.52473501937,2.712944838347918,360.62676659885807,1.3612413624207023,275.9378302092944,1.5625,0.048527161526377066,-0.24090996599477865,0.038925344219694354,1.1955161525120555,4.893750557111076,70492.22966623628,4.571513210030197,1899.1984398080895,3.5338979223831632,365.7609686517357,2.734375,0.02263386306828824,1.7466601153389938,0.12318553724712898,1.2311312495552151,15.352637704259976,195487.98439181762,5.141368037627699,654.4625980069792,10.007791018733425,363.6705038644152,10.15625,0.03342028316436755,-0.34425795276080784,0.3380262712670316,1.6491809239494717
interictal,0.11668634414672852,4.970891962224238,19753.385562572283,2.497369740397676,54.69893676133942,1.0637846794235217,121.36878630162397,1.171875,0.2834482135078151,-0.009638664676224096,0.03264429828814663,1.1818260804349385,8.730782462163667,57654.79160623413,3.888929626161285,160.75537685515556,2.938795805729569,168.00766701773014,1.3671875,-0.7206771056378483,5.3419623543446875,0.0829457798332405,1.3888225030089287,50.699289091431154,219546.60228138202,6.008395667933513,32.641301954314194,11.93499300857161,44.845559246807916,8.0078125,0.076905510968697,-0.30903654387540147,0.4098973643219753,2.1910254909378035
interictal,0.025951623916625977,2.945367923518194,20684.733458905008,2.735359236256786,321.3613159822041,1.1367833653534896,231.82428066661336,0.78125,1.3657195466222134,2.051530167295291,0.03137007098532867,1.314022091618279,3.4311350849122895,53235.18393259392,3.8827236167941956,1688.3941233157843,2.5074100327986315,466.400293253795,1.7578125,0.08490997646353755,-0.08900586511510333,0.09556926186288864,1.28531731272343,17.97202188996546,186960.6417185753,4.91211925922799,546.1695120659081,9.823496940720947,377.8600415871148,8.59375,0.1058250210971235,0.060648923114101194,0.33440571717548134,1.857620228470226
interictal,0.02293682098388672,1.395966311854785,20834.66717778855,2.0061294528674614,429.62766111162625,1.0765513681506933,352.22131413662714,1.171875,0.06072490493679931,0.5904936286384843,0.033837434416544875,1.0393248711645058,4.656094953477296,54326.349752568174,4.071064688695669,1529.827920699755,2.6335695683944285,437.5889872541856,1.953125,0.0867426609246267,1.5397785394799133,0.09795819766700421,1.366869742312623,20.985444895803365,180730.6494927491,5.663280422546235,187.88929575388966,9.639253118294484,147.55720224985086,6.4453125,0.32164530557699156,0.6243618209579003,0.3332932785985648,1.835957761257811
interictal,0.06283235549926758,2.6527605960775755,18659.73345685066,1.8135892681007106,17.0298109768314,0.9919384852874927,87.5319211111856,0.9765625,-0.20063242966384662,0.3177006545561998,0.030546267120040237,1.1254958797306454,5.1837506301053935,39113.67485675673,2.846865106273511,278.52629148229073,1.9327608157913412,284.261959462665,1.3671875,-0.2389466586888548,-0.8144295001024262,0.06982876954040627,1.3178717648208007,20.01317687120669,161185.89707761002,5.794114528270787,233.8564491125363,8.7597599045899,159.2373460050539,3.7109375,-0.10082433575187849,-0.21441896361279777,0.3172706166457306,2.2104612739052456
interictal,0.05684709548950195,3.647581262270405,27696.856090868485,2.748815997405747,105.30486130409189,1.4274815263034453,161.84581693843222,1.171875,-0.2502879345056594,-0.754283516748075,0.04769294658603355,1.3437652176709975,8.204953777249946,90320.57194312471,4.137932459087119,160.21437482510265,4.509649255204736,177.43430042984545,4.4921875,0.19577534897851415,0.16104922757132822,0.15362875941824766,1.1207718385925092,30.988942032039706,227935.94494586877,5.581030905006017,57.64762799732957,12.101105839892673,82.8448340761937,9.5703125,0.020596587091474872,0.1950019082818235,0.4092937458507677,1.7361009162660308
interictal,0.061833858489990234,3.0141521049704996,21627.833721167648,2.5388199071501614,101.28638235273155,1.2225764216402666,166.75813814543804,0.9765625,-0.20716455553760796,-0.7356027264209266,0.03617318494379499,1.1308301749876895,7.021609790938319,57798.392509526326,3.662022472341742,67.20630531343662,2.996726117124607,100.67987648175288,2.5390625,0.45319832706715896,0.9755964378927713,0.1017931000139296,1.1490704434864425,17.31038963924922,163486.7718238301,5.027293799849343,422.06146042246803,8.488328218719678,201.71076088064913,10.546875,0.18025796359536198,0.4500018694592427,0.2874952275886929,2.028447852124517
interictal,0.051863908767700195,7.636708485645632,27188.257952374122,2.4090615932611157,3.081473491290099,1.3350905484399025,28.77363092581765,1.3671875,0.12345018399808044,-0.32091140476294466,0.04814770167406033,1.053706700924627,6.020208771971259,67016.18070228351,4.034192648408262,103.18580708437155,3.8176489911399085,147.4137854515931,2.734375,-0.17099651047302886,0.4038052448400653,0.11481142030206018,1.1809054828624086,20.330403339052786,184333.08264892793,5.409718302766256,287.05288943990485,9.554724135724268,176.7762521495279,7.2265625,-0.22235435761241978,1.4819218130425575,0.33767283342831356,1.7428573722846077
interictal,0.08776473999023438,2.3508888244697337,19668.19159258947,2.597168293967058,737.2766715729574,0.9646765387029478,446.5816505553626,0.78125,0.5688033788970616,0.43262295730123057,0.037325784568054285,1.1773159207324417,4.562858969784443,67943.56865654644,3.8272197214713413,485.4189088844374,3.545231931165333,286.1958092454598,3.3203125,-0.23727613514826637,1.6779980156927747,0.11747106175512702,1.169880015883355,20.688053282553536,192479.67161031003,5.504225381066739,190.86256577539416,9.836026808827004,143.82907671787336,7.421875,-0.18710196627982661,0.4555535860552671,0.33216999098460487,1.7015497137765694
interictal,0.022939443588256836,3.833550670977904,25900.468371061288,2.2482561187256995,16.523095984201703,1.3721804935238502,65.12854781952784,1.3671875,0.1617461642402901,-1.0252219570954493,0.04132204124871633,1.0946756870503689,6.749974006082428,58518.16885423706,4.060434618048441,189.02199740114216,3.220801949117841,152.59293588939858,3.7109375,0.28475482521238576,0.5453822007224938,0.10033788406886532,1.2749088397371369,18.6876456128136,190567.58235278117,5.521850916497999,98.37140423919023,9.977161421958638,138.25817932002482,7.03125,-0.15195753753582822,3.004623577969393,0.33130261034227837,1.6258984644522771
interictal,0.07479977607727051,3.5423233080778993,17801.53883053328,2.4043612143934405,6.8519878919290855,0.9757189758460519,45.91086376934304,0.9765625,-0.07687065472952832,-0.13322005314230134,0.02943856830044155,1.0973684800480168,4.887089215982998,44346.86565504812,3.0661526699078214,135.72991310680376,2.0849800645922847,184.66446650453264,1.7578125,-0.28862541570564926,0.17955364285358444,0.07816401251723638,1.2326996059769553,26.6165358605564,179367.84271344793,5.597459480245156,118.21776941914834,9.431925134804567,88.26578127139612,8.0078125,0.05761495387173042,0.3769321344382832,0.32461176354331556,1.7774836527208624
interictal,0.021940946578979492,4.09251896350599,18391.80752397101,2.209647769713541,26.973235295631323,0.9420955377970857,80.46939245712865,0.9765625,-0.1616503416379338,1.1364742308057032,0.030584504673321883,1.0911464161402193,7.665816454823465,46443.480616104185,3.668965054249034,63.7587090319454,2.217620178141508,103.1861377596688,1.953125,0.22291100777176226,-0.22016285213222409,0.07610269145721711,1.3136368107725975,23.7582870660297,178988.5654621025,5.524966876792927,185.37766576111719,9.23783649838601,166.75482965990096,6.4453125,0.3471527405376463,1.3028786465409965,0.3498415584878063,1.9810696675587744
interictal,0.011967897415161133,4.318011794325845,16957.05830781686,2.039214283742512,17.766630484399307,0.8555109164939527,67.64243931684102,0.9765625,-0.24618487908428555,-1.0235694810797864,0.030249495521308952,1.2332961008111976,12.005041465817861,79027.34770551232,4.398257705787758,22.656490927958437,4.233748450830379,53.01737702758702,5.078125,0.15952231446000717,-0.4454579439180879,0.1275856595102099,1.223478964781954,65.71475749655905,270260.5830057115,5.901975085942383,46.72256168341611,13.741596500811806,63.34714943409511,10.546875,0.11986658592925087,-0.04797852496556443,0.5115811073430321,1.9816928315754503
interictal,0.010970354080200195,3.481210692835889,25557.316056145784,2.8216287775970192,114.12049735195875,1.2645527348552663,129.29533376922842,1.5625,0.30366636696810173,0.30961282605628293,0.04377650330553015,1.1200831802131201,4.554274753567811,63135.656870942184,3.9313015198524153,753.7024120283556,3.284080403254952,440.3941698090904,2.734375,0.22285435247546875,0.852959166721106,0.11137359428463298,1.1576457382478202,24.006891990920924,193739.02576098547,5.532235531151966,136.13564066482783,10.318041267680647,93.68160675111137,8.7890625,0.11375748369482191,0.433186446291272,0.35136565188246316,1.8590024581410456
interictal,0.009975910186767578,1.552598852786468,27066.155483868777,2.623746088013085,552.3105756938949,1.3408889394576868,416.48248480152466,1.3671875,-0.2891929193291075,-0.6109688490658902,0.04330330248773162,1.1681217821664045,5.141289189736181,77705.40878270367,3.7528128831223637,357.338670398829,4.0352661014721365,268.2301925043432,3.7109375,0.13835255325490783,-0.3040349684868593,0.12963938244906767,1.1268295298698103,27.045492077015002,218152.99237537562,5.753530956420478,131.222592544422,11.535883196223606,116.27021826181806,8.3984375,-0.012185365830613436,-0.07365662375448423,0.37836345226458723,1.6872823125701866
interictal,0.010970830917358398,2.570838874986858,17929.89325084152,1.8323245727429334,27.249221194658425,0.8466021593070142,115.86496099876592,0.78125,0.3352253052511846,-0.1673185771060246,0.030868361517464055,1.2345204559036085,2.9388282840007705,60311.65170268789,2.783392010332046,371.7557261904065,3.1897191013728534,311.9426309839094,3.125,-0.22974416849308477,0.6860095109439102,0.09455180096280569,1.0840730122854534,23.79219593643792,179983.71820463007,5.452787195403311,278.14549724136725,9.405828241781025,180.34805165235244,5.46875,0.04042752215903197,0.20837863191376904,0.3543845749692965,1.8948156055352625
interictal,0.008975982666015625,5.7074640814680855,26185.043764474693,2.8210814294100355,92.76085687254097,1.2847739778314513,174.37884810261858,0.9765625,-0.14090767556394457,-1.0565299583288774,0.04996716101224969,1.396668176325689,7.394327876707269,90615.74940527827,4.188240738749304,158.5033711389162,4.674341900527608,162.29546487902672,4.4921875,0.25507796763313495,0.0097069477377687,0.15275537313960807,1.136400236929827,31.89201341957573,221604.07083385717,5.445521258994347,120.0030743986673,11.299023811217161,114.81130707701357,9.375,-0.009659562703745099,0.012629724960512068,0.40323811024520095,1.8036549017896484
preictal,0.046875,2.0888402103740136,24995.49966877926,2.9716861220288773,970.8710628816167,1.2515318475856665,375.5298319034453,1.171875,-0.07709704994065689,1.8047563385266123,0.046916081001242955,1.1448276619157534,3.6960531106620707,72608.66850044824,3.403296799333296,5641.3117886785285,3.653757360397695,1422.6128918755467,3.7109375,-0.9898724174673814,12.105391813066168,0.11773627774468728,1.2901952032973478,31.194721922422417,259407.27696523364,5.057119172384634,143.05540562054932,13.078156754729099,154.48563374562684,12.109375,-0.1414025665564616,5.1319990324978,0.4437294126484539,1.4937528197364878
preictal,0.05485200881958008,8.91279781507592,20144.99332975541,2.8081548545982526,14.221294426336968,1.046183798381973,48.07901343993334,0.5859375,-0.46917924303965286,0.392944018052674,0.03485547027103386,1.2657741676402583,4.941064722896117,53085.62656754034,3.638038807295477,1142.6281349647666,2.72555678117262,389.3393406667783,2.1484375,0.36470638926128385,1.108047461325257,0.09372033772594313,1.183875780550074,24.567301984844534,192619.24939011585,5.816514091577876,238.4984027333222,9.381259349890287,109.15101957627162,5.859375,-0.039188646124948635,0.8585497680084972,0.356933096043964,1.6182107142017363
preictal,0.04694557189941406,7.045160736936745,16886.276837491267,2.117470600468489,3.2590768730599393,0.8837257215106258,34.735053154548176,0.9765625,1.09090335934432,2.743548681146109,0.029472690096003677,1.1423008984003304,17.335007548373348,66616.43762759704,4.839432713629247,59.20112492504177,3.600176965947763,124.98009430797723,1.3671875,0.6870910649423319,4.022181408740787,0.08434232603882484,2.4826645790179502,72.88261319571366,273831.8599159777,6.086452298111204,6.368424003370101,14.654677231562243,25.193273369579877,11.71875,0.48058848555082173,17.785659767096263,0.5354126454191283,1.29263786867006
preictal,0.06881594657897949,4.059079853749851,24823.730413813133,2.7049486901564226,13.171431815717707,1.2565138103135116,49.06948950466669,1.3671875,-0.06543186593076881,-0.36041636447633296,0.04083330183072134,1.0939935548137087,6.409086681520368,71829.49908049808,4.078887616272612,253.32860931820025,3.7160944046390205,184.67432051615796,3.515625,-0.18634126152108488,-0.1264238946860452,0.12421172234249232,1.1695612295701028,28.869326010584047,212567.13745188745,5.612392830037319,126.41305184904023,10.655422037104877,100.81648996859306,9.1796875,-0.002487786893125078,0.6742767276087784,0.40077153311416724,1.5875311019664773
preictal,0.0857698917388916,1.6423219254904455,19824.906071439113,2.4430580024619752,131.90239645041126,1.0260999205763497,165.63642752732943,1.171875,-0.0945393205245644,1.7609790812897552,0.03219350686042181,1.100766812643649,4.082707458462091,48936.29412369285,4.308976126351917,394.952945289038,2.7998031151605414,236.82433713919445,1.7578125,-0.004752627211805538,2.707466453785486,0.0885983302417024,1.3395371750043426,18.181342610010937,234576.23873442886,5.691049870630037,409.4161041398295,11.040501208931733,271.823632711816,7.421875,-0.2755007795161496,1.7532034456968981,0.4090449962163407,1.4893642173513642
preictal,0.02094292640686035,5.469899877006153,27279.601678790437,3.2436695062451553,43.438066595699475,1.424753237213304,69.99927353481584,1.171875,-0.18000843948409861,-0.6848617628163005,0.044446288033913324,1.199891818355449,5.020023352109772,74332.21410213565,3.9037188927005606,489.54910888108884,3.690397871314869,248.5651656113974,4.296875,-0.13489677309883477,0.12994702018456872,0.12792029456096513,1.1583760771576763,30.932330331725527,227773.43278360655,5.7037716455783825,54.17962603784196,11.980444754753027,72.91018448410038,10.15625,-0.049761633031505194,-0.5169090831006975,0.3946556284733224,1.6202239022085538
preictal,0.16356158256530762,4.335072559719629,25211.972138642428,2.7803447971170576,7.32425943841281,1.355056494926313,35.957337798376344,1.5625,-0.3566438828862844,0.5283683612805454,0.04146244215217153,1.1468234890117117,2.9383500079944476,59456.3860756546,3.7985179617799267,3146.37942043878,3.0129978831324857,753.3319510801853,2.5390625,0.1482924802374344,-0.6596084778846723,0.10002572979193591,1.271782680114385,58.60768083404448,240708.453713065,5.769398652795113,13.456317425319746,11.873303310472387,54.61197099048101,9.9609375,-0.06349512625457905,1.0662404845831936,0.42815487871037955,1.539150839485679
preictal,0.07080936431884766,14.970460472700712,23175.27930088501,2.4280685210842665,0.3614100983049917,1.1870549500505445,12.624139483286767,1.171875,-0.21171127737396497,-0.3602364475635631,0.04023986969305801,1.1852521690029396,10.44889440134665,68810.2640983945,4.39550528762627,19.947677516655645,3.774762352750142,43.84661819736688,2.5390625,0.07684852076024522,-0.5280254430739828,0.11960918181446269,1.2725736284799019,20.554511960130167,170705.23161021038,4.595585696180486,42.08749159842887,8.846175204153358,77.05042778977482,9.375,-0.21270152151005853,0.016642511314879815,0.29299225511026245,1.361683221746844
preictal,0.22440004348754883,1.8722033450586244,18522.23979349705,2.289962653837795,120.51989490221175,0.9353543175504125,193.6868773459726,0.9765625,0.4679555315937793,1.3373456294687136,0.03102901255140801,1.0981431568903328,2.487888075197836,41438.5751982677,3.3889635033093746,723.7461922700579,1.9989982464217166,410.5295644848627,1.5625,-0.21152705225543209,2.6082240205911376,0.07237134356707206,1.279015187613514,6.898763907051316,136185.23070830514,5.044643025472467,464.94694169440584,7.559414756878979,261.0061703440491,5.2734375,0.4527418289118293,7.940563728092368,0.24856006777265421,1.836875175717083
preictal,0.2652900218963623,8.070851177010708,32407.281853201323,2.8075432986151716,1.8444354318260388,1.670667071567016,23.63733674524706,1.953125,-0.42548882697509177,0.9646069597762956,0.049399941351053925,1.1907126130463406,11.606660958512808,82811.81685362858,4.331727576787013,46.13688642338034,4.305791694346402,73.9508710951599,4.296875,-0.06504960067232093,-0.0027368786961243785,0.14312992108837896,1.1945663176091426,14.111950656679463,180901.5859202174,4.376603675525428,126.44199601404954,9.312064635519675,162.95010263254517,8.7890625,-0.056463502093283234,-0.35716692706152386,0.298618975321565,1.220773065643067
preictal,0.03390979766845703,0.949934386586858,22263.51953211155,1.9006913060421695,5266.723818897993,1.1380236998748667,1452.8827599382607,1.171875,0.049740013995920276,-0.8139714793923902,0.03438215622296521,1.1098093546759003,3.1351334603877152,62669.58020100997,4.126249568553543,16681.383690326707,3.250154752777444,2143.8593538001214,2.34375,-0.4403235332087743,2.776928830697366,0.105557655481387,1.4521889676839455,13.124071660500585,264575.8813980162,5.647437023610756,2028.669327775459,13.971194775230355,629.4674137080058,12.109375,-0.14643023567684785,3.8064712422484934,0.46104317204727935,1.2909967459544482
preictal,0.08982038497924805,7.449567533314611,53441.12009840895,3.882324778476236,61.72941413719331,2.9702685274454996,92.88353738840755,2.9296875,-0.2464316886978005,-0.003194545365339252,0.09009344021620262,1.2016414743243458,9.299496128419495,131996.88977163602,4.550319448336649,127.90016060508759,6.7591772592275445,159.30545314937163,7.2265625,-0.06403063535210803,-0.352031102564891,0.22494918855626883,1.0894783409734647,15.963402185196397,213122.1817392484,4.257141514483711,72.56190526097976,10.927191506503066,121.56820097363406,10.546875,0.008521634318036467,-0.6377379687225102,0.34394824636600063,1.1547011056850702
preictal,0.07878923416137695,2.155758550413174,17503.02553994149,2.661379789017613,684.4927174052775,0.8940147760675412,411.2692384887036,0.78125,0.4753512767150122,-0.4780904657429357,0.03167207869233342,1.2112688346811866,3.14130023579263,60182.73493441714,4.283878491006574,5322.665355251732,3.0169732506605547,1011.4669826929377,1.953125,0.056709756065614174,0.36286463744591346,0.10770305902250257,1.3810196588904595,17.06671017117784,266296.03990568157,5.902661882973209,784.5468424215078,14.167188165737644,313.92225387183777,13.4765625,-0.543071850205646,2.6275790911087906,0.4513395739342318,1.3887156509399987
preictal,0.03191399574279785,6.819541420622898,46133.434702286526,3.7595067374798807,59.86290808855836,2.434268170049388,127.49239596398986,1.7578125,-0.1361087350812017,-0.5823219250355689,0.08271475668472425,1.2510729740536926,9.400342418555848,143894.08901560007,4.289626246411925,113.03290835194107,7.3891153817396,185.954511025562,7.6171875,-0.00800490093652748,-0.13571199743625417,0.237368533876262,1.0786724315086855,13.52817182931843,213071.8944786234,3.580100343981231,96.56888123945996,11.090020035838727,195.23379102180652,10.7421875,-0.08135381201878276,-0.6050938191691375,0.3495176157495704,1.1486504250245926
preictal,0.02393794059753418,0.17659018964294795,10300.201261193348,1.7176787204246664,291331.83613505936,0.5658965132230676,10697.058970632324,0.5859375,0.42770907263445,0.1791678853264278,0.01682168580363602,1.1166968279636353,0.7757500880249859,23037.03693158349,2.746145454972221,132555.2419808178,0.9960164680985134,6149.725613761188,0.78125,0.5613817803808586,3.1636089904723876,0.04147868489885498,1.5561754551626303,10.617696403589488,146625.95116435149,4.723228293556446,3124.6633638832122,7.198640103904096,624.1614773317004,6.0546875,0.10565476258495375,6.541057452822553,0.28897222732190897,2.7389422135897066
preictal,0.0997316837310791,9.5636858046049,17806.58600566538,2.8128654874094106,0.4884849986693289,0.9577613073586986,12.43775586089525,0.9765625,-0.9115633496115425,1.0323455158318176,0.028618199473741727,1.2341684331606548,10.54124997605262,61361.90412866499,4.060076396827789,44.22878561803869,3.0834114009736022,88.90940549839202,1.953125,0.6332752070470876,0.196552895304563,0.10889231683802823,1.294137260988067,24.05443554090253,167592.5453431797,5.169321218625323,18.94495841272717,8.881326591005905,37.36140378455845,7.6171875,-0.36871098222980087,0.7843582993113825,0.28815691888472317,1.4617512442197977
preictal,0.02593088150024414,1.247974761810816,25279.849028953777,3.3610105708032725,1659.3204207599435,1.2840645623764055,440.00247488086046,1.3671875,0.009056311103154285,-0.5858084490168176,0.04157245322526832,1.157765781267207,2.166265273713248,71670.0884058923,4.41222733914284,9804.039742582876,3.773482910513409,939.2869091477601,2.734375,-0.31087482458299553,0.24529282661456264,0.1273523826126217,1.307792085115537,9.040907784079,277824.555863675,5.679734551544277,3671.48724148089,14.376004791321055,862.0506105408092,13.4765625,-0.5167053854067184,3.271264133289927,0.4587998011084593,1.28919207564388
preictal,0.06283164024353027,2.546420886282597,17366.38535364173,2.1232390651143302,174.81117023684718,0.9178362082866895,228.75658631919438,0.9765625,0.5217557981548921,0.7387556326918765,0.02920493934421169,1.1017433227494502,2.4342816809945544,39179.698123973205,3.405657097438136,2477.3479027103217,1.8656890980773866,649.6095915967932,1.5625,-0.04537789302946686,2.170979861948921,0.06886911467243281,1.314641604116974,7.139109216497942,138660.3632890689,4.780117194897093,3673.5363638904946,7.139532582007016,673.5578236652965,6.0546875,0.3738456975399265,7.711522061618107,0.2444848948538965,1.7407768359937974
preictal,0.018948793411254883,5.906678952302799,38700.728496087555,2.7602586811602987,40.46935407890193,1.9989824412262425,119.88999468118011,1.953125,-0.1943328156014462,-0.17040293942040474,0.06390437153937092,1.0887859602955081,11.580197083447704,92449.7640580108,4.2929408816471755,35.67398916283156,4.7325909864892255,66.08889359751099,4.6875,0.20083258878531837,0.7241696631237935,0.15614320265195397,1.131278713183043,19.864437571901735,180866.5898461698,4.7838195134434365,39.78719991873527,9.280591817364627,60.285582791427736,8.3984375,-0.09574973658152654,-0.05617650906064542,0.3004099746885638,1.3051296057877708
preictal,0.01894974708557129,12.3222363704345,21469.29870159359,2.4759531784188025,0.13121603811245502,1.0986226134344759,6.234924505513017,1.171875,-0.13012586559266204,-1.0760497988359807,0.03838593351925249,1.1434193367119152,17.069954695517684,54434.01007749128,3.5925868254959363,18.577707062629045,2.8370689169757446,65.59052957529273,1.953125,0.1253889633407343,-0.5099399514610004,0.10063379681786565,1.2804370707745176,19.67587822693876,163118.3336244339,4.84209281221665,50.87980329604655,8.30497876658128,93.78302163584728,7.6171875,-0.05034794542338837,-0.19080229032244223,0.2798675469217813,1.3596060812498552
preictal,0.024932861328125,3.331836502671577,18456.497991475335,2.276678051932986,55.12519578997985,0.9342129337225246,142.66745369777797,0.78125,0.0946639768933155,-0.20068612111012163,0.03174048326497008,1.1488523318456911,3.678136318155552,46737.99538426389,3.557279687799434,691.8140259720573,2.4982848004596234,357.35532229539285,2.34375,-0.1654472789289132,1.1495083514940037,0.08379234401993031,1.167922515484257,35.01424005098375,168047.9918481851,5.519684324379711,54.49408785315004,8.781975369201472,89.10968614307356,6.0546875,0.304728837895377,2.2832514681068368,0.3088390657863905,1.5284788782229555
preictal,0.019945859909057617,4.18526802229454,20972.354590200586,2.5909216378179756,39.61492597786584,1.0572270420933005,91.03421947131828,0.78125,-0.7616644630895203,1.0128448116480904,0.03522738389017643,1.2303738226027232,4.038571400013413,52447.74722727014,3.965228250035336,313.2769457659255,2.8019115568499933,189.3297497895321,1.7578125,0.03262875519327559,1.1956306005471253,0.08780721111876377,1.1457535293973236,31.081123420806335,181694.07900193115,5.73510950775979,35.58355544127558,9.558440777937058,67.30380759777567,6.25,-0.05978236751461662,3.977124401820735,0.3345232104613899,1.9124165067232297
preictal,0.05485224723815918,19.468914582242604,17004.253434293456,2.6625053958927327,0.0525417687957785,0.8195997975023677,3.1892966100739257,1.171875,2.6521384083844093,9.170931750643195,0.024945755872626478,1.244665270393521,23.37823152771934,49594.484375586966,3.865501876779444,0.6376425663569331,2.5451622165842163,8.967833523532867,1.7578125,-0.19690664536291227,0.9395357188498075,0.08146152430758508,1.1881554093311821,61.58413188157655,167358.48089420784,5.2506558672552694,1.3120007798256033,8.7189013087057,12.588891735293993,6.25,0.06198841355535254,0.33304755222322724,0.31857657438619946,1.7375834019972378
preictal,0.1745750904083252,2.943804698184915,18770.096989223268,2.281113646779931,14.317004894164063,0.9784245444742847,77.74100821710897,0.9765625,-0.14320657895218622,-0.39922446397344924,0.028918107234192154,1.1666519228742742,6.066074590523098,43819.812492941564,3.587622440116693,768.5459725482789,2.3636785871127457,440.47607717526654,1.5625,0.4361252839009795,0.919883541829428,0.10457410458924442,1.4267255583375382,23.619930938602984,286174.4150614822,6.124447975652972,174.6656268814907,14.684451580744236,173.43911838830465,9.9609375,0.18937197712822135,5.797054102701852,0.44407120751591794,1.4455319279743524
preictal,0.04288506507873535,3.250087973530702,22661.237956905894,2.6011646040498837,219.48474121929343,1.164240671498614,198.88004544674519,0.9765625,-0.03528688456222292,-0.018200711893412436,0.034751497008682956,1.206141544723535,1.550431247540133,51582.90837252774,3.424635276074637,15376.901212040171,2.692756265859596,1425.8092624157007,2.5390625,0.02206540472183647,0.6054218955617805,0.08637892386764309,1.1592900347587922,21.73626649615523,183000.24175280274,5.46807924853847,308.6257068642434,9.231606472157369,153.61712419737364,5.859375,0.0869678800807123,2.767675414391893,0.32728245059190797,1.895991409900526
preictal,0.01994609832763672,2.978066456569935,22761.880976560285,2.6381568076795534,139.40944034648876,1.2324499128230246,173.59464205951846,0.9765625,-0.17025914169487305,-0.26627766695636934,0.03467827311007896,1.2339820128839296,1.6225191172413662,51056.553139422314,3.52722925010926,4937.224199159407,2.4929361096552087,1205.8857324949738,2.1484375,0.01980662838899742,0.7075632391138433,0.08622151345174568,1.1678062319155478,17.34038531218276,177015.3675450664,5.454688904329688,74.50082391987745,9.16207760259111,87.18562758243492,6.25,0.07702937130586736,2.184078165572884,0.32418125026412187,1.7750930646199148
preictal,0.04687356948852539,2.843623440677788,20263.23678967557,2.7025266600524462,41.129269447936764,1.0360462409085884,97.91542375066128,0.78125,-0.16123128302822623,-0.5664935184887829,0.036239586146481984,1.1752827389228946,3.7502063463946875,51400.23443694826,3.6178660067160977,2272.9998449646937,2.466713859201895,678.5607360272691,2.1484375,0.16672493189465928,1.6516861397651565,0.08899667462739111,1.2614048167916496,16.70635079599512,189653.3775171184,4.901010353435534,228.35828942238302,9.917369994413406,242.90817314350386,10.546875,-0.18427043351991687,1.7663889708569007,0.31584185378167856,1.305343714438345
preictal,0.027925968170166016,4.246459690658696,18250.83708178863,2.5000196178250085,48.86563353760224,0.9048363718496351,129.17915187096008,0.78125,0.8763231463667644,0.8676862113073103,0.02711133573867909,1.2220623314397248,3.977979529696937,47202.782963481346,3.5533816782510033,315.672883895491,2.4848961241651777,245.5430585881884,2.1484375,0.04794655239174538,1.2829321531694902,0.08033382600473234,1.1550519612370704,34.35651154707991,162164.48064672414,5.753086990434442,44.68227799372377,8.684582670872514,61.2222978333895,6.0546875,0.7762252506843468,3.60770194170395,0.33255909920809784,2.190603205042914
preictal,0.07579827308654785,4.140136342258736,18886.939056347055,2.5290725975486623,87.54275563838486,0.9922348946525731,144.96048443280844,0.78125,-0.2843950953424705,-0.6202842266284958,0.03350740650918607,1.2056977371766926,2.7400313836147974,55488.7416964853,3.773777201883211,842.0200314247371,2.719036169863697,324.9902251398282,2.5390625,0.06224023561586187,0.8824653935463314,0.08764637632815904,1.177791725897603,27.07739323114412,193411.39861014092,5.633667257907384,48.46718704782913,9.866872770944575,65.77537292139246,7.2265625,0.30570535667879545,2.8802360545634196,0.3435243736261859,1.9590630616078764
preictal,0.1715397834777832,2.359708909941095,20327.28118161695,2.1906894096453016,66.6398575113904,1.0367051537563883,136.836464758864,0.78125,-0.22688247379107487,-0.017079257291726435,0.03539907678661995,1.1037348882775981,1.780336295600803,53495.033629995705,3.3919486941192654,14949.668692788619,2.734265721028547,1718.1875460630995,2.5390625,0.22277327962664545,1.7998025928683674,0.09007760077400712,1.1721486716815526,19.769695628585605,187184.17802295176,5.615085190724264,257.1721588670077,9.932605515939112,149.27828494579245,7.421875,0.294804645126889,1.5761471889605803,0.3374188616444433,1.8769737507927524
preictal,0.020943880081176758,3.5498517909039444,23280.172569826856,2.642450806265592,84.38167578334071,1.1586106264505016,154.93812555357746,0.9765625,0.3120856349435766,-0.5962534137715356,0.03957745966410636,1.0905769159440553,2.241952477679014,59004.22289024749,3.6671640567794626,12052.168714779811,2.9980607100852588,1698.8805455935744,2.5390625,0.32396983094029114,-0.9032880250943736,0.09816549636571792,1.238721282770431,21.70096458607313,216858.9336875304,5.628546932353087,146.97823405896008,11.579470178044335,120.93562449715742,12.890625,-0.13947065783428975,1.8906553034719318,0.38327520091503753,1.4247220973792252
preictal,0.06482839584350586,2.3213990582343587,23936.091829055124,2.5817749903917244,192.9470629424282,1.2436522280065774,206.6245578551075,0.9765625,0.006023214893390752,-0.8165088591282492,0.04070624807219114,1.1031441578913672,3.3840155855959346,66393.02945803518,4.176046550147199,8881.74068070158,3.444701044240287,1309.5201783945045,2.5390625,0.23589013824324026,-0.5420919272862106,0.11655843591863378,1.317697524055927,27.186446521025655,252389.28877739597,5.601433879829556,93.17187623218149,12.755201705466737,117.69599398312836,12.890625,-0.14182809010247985,1.7588247401130372,0.4181398441045818,1.47584114696285
preictal,0.14461207389831543,16.19826799101892,21392.782738785776,2.2799735407114117,0.12551460355033237,1.0886095815231815,4.836024029793814,1.171875,0.8895792067403339,2.154002279343163,0.03621606059386618,1.1414864229169412,23.547446718928043,62463.25031673805,4.307487252810082,1.3517401352690503,3.251444812991404,14.381514371946276,2.34375,-0.11175649510803387,1.785413349621762,0.09995294663348116,1.4658883900993998,115.97539480208962,201649.10655662528,5.512639539212167,0.21736166918158684,10.716025947887353,5.611204908135088,10.15625,0.0685097862139948,0.49860394843196243,0.37361473837268505,1.6175766714969235
preictal,0.22739219665527344,13.608603661759318,11106.101926038918,2.359241828821954,9.803376300217277,0.4640238208599285,52.601552830444966,0.0,-3.7728460645046082,14.942166913143723,0.023495210631119492,1.3886273494172832,16.323852112610275,72103.4428047758,4.366300272895483,13.472358377730618,3.7887826195656897,46.22838375787803,3.125,-0.7748189266447082,9.32585896232369,0.104811204178258,1.3086240607350583,49.89600239390129,201519.338744398,5.710897204757951,20.987620404923007,10.533862522796031,45.82280828258659,10.7421875,0.655645951436287,11.690036368825531,0.3526774963332841,2.254844179541325
preictal,0.027925729751586914,3.7286956088764707,21646.103313752454,2.652902382132826,58.79925497123239,1.069958206855184,116.43763410347816,0.78125,0.17062770865642335,-0.26600036753229306,0.03686901589647134,1.2026731135359638,7.995189365951374,74410.05324590132,4.02154919585659,622.1026794216658,3.875345322146108,404.85150684359763,3.7109375,-0.2858113189998182,0.18164992952215453,0.13631745515763244,1.2831827894475571,17.598007013056918,223875.7641298204,5.157357522133838,520.3275827878939,11.629373226123665,244.54799466740462,10.9375,-0.04688443133852164,0.1499906554776218,0.3798447778657676,1.442805551736776
preictal,0.07679486274719238,17.538355373217204,25864.741946458165,2.9951479490629733,1.1004594388838556,1.3263008885095031,15.50268498868623,0.9765625,0.1762434263772424,-0.31932149159586976,0.04815400354554216,1.3008513903099534,12.85586788403571,84151.82265999807,4.081113194295563,5.913924658645038,4.200169734194717,31.780610758963274,4.296875,-0.08286749797355593,0.34680164044976625,0.14349296906218859,1.101975619733139,41.64483008550248,183769.03343204045,4.581351681858295,11.531179443317964,9.413396134984566,48.10384780796945,7.6171875,-0.09074489980292742,-0.34122290578303804,0.3113457408302515,1.5752014544383084
preictal,0.01894831657409668,7.71841608170761,20863.56586679116,2.835595969488086,1.2304938545656183,1.1540983545306776,14.42559868086157,0.9765625,0.40741483161106623,0.05453362247945748,0.03491916181326832,1.150126147285131,10.325384493408194,56455.63598684116,3.953866027116476,55.65377004934857,2.860793793355311,75.8323347152867,2.734375,0.20587116750264914,1.4130248686900808,0.09511098895443222,1.218132819722011,24.526207933575087,149722.39601387962,4.713835238989473,28.067128134870867,7.681227406263017,56.9707805632684,7.6171875,-0.0009590461585777849,-0.49444883472811885,0.259332693608028,1.6668162136836868
preictal,0.11369562149047852,5.844843654761514,7562.032511069443,1.9417752714939307,26.19033284920644,0.2115723072726061,103.48458607332365,0.0,2.7161119449798714,7.250594129108386,0.014219749538197093,1.3599831997992575,6.070197478544949,40513.27440024336,4.271307122233502,143.108146307545,2.6638322369402587,140.8639882548945,2.9296875,-0.21841018694449738,1.5017201595435523,0.061261648477582926,1.9137657358705629,37.2306029596592,212929.82052500235,5.599350408800837,130.89830058521378,11.293700930892443,137.39234702981855,8.59375,0.13776106287693168,-0.20609004511486484,0.3939456156224359,2.1807616645322416
preictal,0.07679343223571777,10.859625039284929,39226.613716685715,3.6304317031263382,5.63746011554992,2.05172299654517,35.41610934452641,1.953125,0.05798676307758025,1.1419264310154746,0.06077682047960622,1.345811339589429,17.438999696557815,112040.24728071873,4.25846908488301,3.0021300118438043,6.088642822276968,19.137580717048785,7.421875,-0.015341400341107285,0.5789952842392259,0.18454922730697515,1.0791371126066827,41.24217115296206,196385.91274614967,4.854105580002073,7.397949842354822,10.12299596659078,35.57715002030028,9.5703125,0.02274276958617099,-0.6719583971704752,0.3375691081500954,1.439508830145261
preictal,0.11967945098876953,7.878517770066719,24183.149806013636,2.159989231461087,0.5593456655390505,1.312149123799527,14.345301822353317,1.3671875,0.3228751058285733,-0.7660313693192711,0.03944999547160589,1.0511116151006616,7.8989580577290175,54098.47405107278,4.142085106816522,33.73708066070532,2.968092983138061,86.56846393274984,2.34375,0.028997813497035507,-0.4179230620065377,0.09207140620038187,1.2878403640529876,30.356113747592513,167070.2690942036,5.148952745315713,17.798982430056494,8.543785200266129,51.225213044369525,9.375,-0.180884946236668,0.08425213387745689,0.295037031942575,1.5613135740239747
preictal,0.11469268798828125,11.073715807182731,42227.53225549824,3.9824050823080688,10.741398432784766,2.100828304221022,45.635527582612795,1.3671875,-0.11991008983198391,-0.5575437346164773,0.07443111480520005,1.3206937198775415,12.19030534785845,113905.02972741908,4.260731766472528,19.073408331927578,5.768815365920961,50.38648889392803,5.859375,0.009187387353146012,0.43671372087023075,0.19545506846308539,1.070864945554228,30.27039935828777,200332.09856091117,3.8790511669964935,34.388769808380005,10.283405472356735,101.0842580888016,9.5703125,0.038956725769679804,-0.02792688684800604,0.33025091267470297,1.3192158344260032
preictal,0.02892303466796875,10.859625039284929,39226.613716685715,3.6304317031263382,5.63746011554992,2.05172299654517,35.41610934452641,1.953125,0.05798676307758025,1.1419264310154746,0.06077682047960622,1.345811339589429,17.438999696557815,112040.24728071873,4.25846908488301,3.0021300118438043,6.088642822276968,19.137580717048785,7.421875,-0.015341400341107285,0.5789952842392259,0.18454922730697515,1.0791371126066827,41.24217115296206,196385.91274614967,4.854105580002073,7.397949842354822,10.12299596659078,35.57715002030028,9.5703125,0.02274276958617099,-0.6719583971704752,0.3375691081500954,1.439508830145261
preictal,0.060837507247924805,7.878517770066719,24183.149806013636,2.159989231461087,0.5593456655390505,1.312149123799527,14.345301822353317,1.3671875,0.3228751058285733,-0.7660313693192711,0.03944999547160589,1.0511116151006616,7.8989580577290175,54098.47405107278,4.142085106816522,33.73708066070532,2.968092983138061,86.56846393274984,2.34375,0.028997813497035507,-0.4179230620065377,0.09207140620038187,1.2878403640529876,30.356113747592513,167070.2690942036,5.148952745315713,17.798982430056494,8.543785200266129,51.225213044369525,9.375,-0.180884946236668,0.08425213387745689,0.295037031942575,1.5613135740239747
preictal,0.016954898834228516,1.6547481408408808,16596.306892521316,1.8893850720484584,30.150529725167665,0.8852066803027666,86.86624301845396,0.9765625,-0.31215789321947723,-0.2939333319115791,0.026400835817953633,1.0914058917139264,3.4376654203332775,32078.429995402606,3.1635147186455157,398.3251605154558,1.651221217616165,293.3047064758903,1.171875,0.17243770614139725,0.40090312973702735,0.05495679537600236,1.2177169786295208,28.452513010421935,161538.13764379942,5.529354700596875,73.37097372437644,8.097997674055392,107.73873859813062,9.5703125,0.10324131267639527,-0.03537419856122126,0.3077653349386252,1.8726368210874258
preictal,0.021942138671875,11.034970370961393,42067.57591999938,3.502426669699402,4.895556043097753,2.113194502771505,28.75695543063334,1.5625,0.05570856638332173,-0.6706783494597048,0.06557208958541967,1.2777222758613624,18.791476446897438,131844.89308655847,4.261331978715363,1.745404414304098,6.607781088233803,20.69018882709584,7.03125,0.034430083225427004,1.8124881151305505,0.2099295755260551,1.0631432401069438,61.95922430391057,255803.00776208457,5.64649326927211,7.112949178176654,13.222223772898742,35.66958926664572,9.5703125,-0.0689078454467359,-0.42036096779016896,0.4491870615883505,1.4504326846836977
preictal,0.0219423770904541,3.525746211471912,29114.699498987768,2.3654957793584765,92.72497514686128,1.4357955851170174,204.34940473640896,1.5625,0.8241432617827786,1.68402554395748,0.03842706996973615,1.2222545194978989,5.942557465806666,66810.23237083995,4.146241619176747,902.5024677865134,3.4408103147887927,444.19646803442964,2.734375,-0.5371149904518888,0.49497299935960415,0.12055662450566854,1.2944160822672701,15.257976385858997,197800.42748192744,4.9753004924752275,713.5009997677977,10.31346053125956,390.8787434574581,8.984375,-0.03302487950925953,0.03124165824930003,0.34228168048599733,1.5795824937338236
preictal,0.010970592498779297,6.944010724232525,21136.527300174446,2.2305486764202493,1.4932884295872737,1.2023180487883438,23.209865877892838,1.3671875,0.311043344921074,-0.5450588437581767,0.031127869272820692,1.205160129409625,11.205733243227865,61766.24792425209,4.386453863116116,43.88825015630078,3.198275201576846,68.30815883733446,3.90625,-0.03435096848227926,0.2438352430413242,0.11046348340463384,1.2802644320063614,54.838347566130906,220485.34422224874,5.692612299965799,11.901479443585378,11.591347273036606,49.748818895853816,9.375,-0.2219930024473793,-0.3618965370961611,0.40373280641498516,1.5582564217426187
preictal,0.01196742057800293,2.1213013491072377,17940.704454462877,1.9721235899608223,120.23552644895847,0.938135548175357,215.54234681878748,0.9765625,-0.35719241099705457,2.415335569967419,0.030981915342838333,1.0771858287132718,8.60939096953743,50797.83474641813,4.250627631703213,153.067731210223,2.7458831348196817,136.78018864572846,1.3671875,0.5194160937619363,4.269987537940294,0.07706933076585344,1.55734320754587,32.6026360760243,226421.32326635355,5.8892489510569055,113.40736799391429,12.020957875163253,129.33971390212574,10.7421875,-0.26184566254488145,0.8034838618101281,0.3950446360112108,1.9245565334048242
preictal,0.009971857070922852,2.1676691946149713,20640.392990135613,1.7877939286449456,37.63277882411551,1.115903141628209,116.41796990021302,1.171875,-0.12595551286881887,-0.8392703145664089,0.03296475080025508,1.0769514948903511,9.259445920905575,54547.563227741884,4.179134776026605,31.726688198824522,2.6650504162765802,47.81712550993552,1.171875,0.44709553990516593,-0.037251424140311684,0.09686343533905835,1.2230164494927995,31.601225679654515,181963.4854052802,5.402988705228815,46.646849519376616,9.414213403939637,91.059646030647,9.5703125,-0.08747370975192173,-0.15237523790884344,0.3275598080115046,1.7316500068607112
preictal,0.007978439331054688,11.211153935133312,44197.9725229531,3.4926083673191006,4.924238948839894,2.198864339202903,28.936912710779072,1.953125,0.0370559064710453,-0.5716920413673812,0.06865318791411566,1.3020329177592134,18.28255104430742,126893.96003630095,4.1553004808846605,4.156756263941685,6.511783693804663,25.506264340626362,7.03125,0.041869122043745675,0.6556044722105181,0.20543459114483656,1.070890859625536,59.05227159955636,251052.41677480453,5.477673047853235,10.011299967093866,12.849346019067216,44.305099486493376,9.5703125,-0.11986627684921126,-0.4529740062230223,0.44254478153689625,1.4554150162081922
