Group,decTime,AM0,BM0,ent0,pow0,Cent0,pk0,freq0,skew0,kurt0,Hmob0,Hcomp0,AM1,BM1,ent1,pow1,Cent1,pk1,freq1,skew1,kurt1,Hmob1,Hcomp1
ictal,0.6043825149536133,20.761322764918194,41728.921906366995,3.7847843246875295,58.999857014103,2.2179999986493315,121.35570132779017,1.171875,-0.3633855912679095,1.1174176464307415,0.09108113644680453,3.5922084674106385,2.7907471448705796,67740.79292447018,3.05783211895856,43936.54099972076,3.4257037619593556,3535.2403340349324,3.125,0.038056478861490696,-0.8675632049570106,0.11692195483296138,1.5548705198125572
ictal,0.3321115970611572,21.627678588079874,61406.931347473714,3.8386684966493063,543.8234204759833,3.1614731251421024,363.95623082062383,0.78125,1.0497948562650066,2.2378863746248587,0.12366858174855361,2.863427340262049,0.46896715098098324,51393.47068977778,1.8489390797831569,11283119.932034297,2.6411231325287656,62896.267834365375,2.5390625,-0.10987204092736816,-1.23266902052081,0.08971697689227598,1.6810498654915245
ictal,0.2622988224029541,1.0721256896757916,53526.6185101336,3.1116682853447166,308252.39545777586,2.7871847867530044,8977.75021841276,2.9296875,-0.14254029930503365,-0.3013724021018285,0.07990035799259157,1.5398769304770865,3.368404658265166,169690.31218882446,5.17379893483064,53072.66748491376,8.646286030462617,2393.254408536584,8.203125,0.32305820930585627,3.5436035425384116,0.28299834789194295,1.1477947969059978
ictal,0.1216742992401123,25.688662957320027,90328.01664444723,4.8107661207546695,37.24643124432934,4.0424076649242,94.12955393759728,1.5625,0.7910416939356744,3.295124162472656,0.15425113284329892,2.126402041157244,0.6665444641072726,53900.98265959098,3.295930227788672,870376.4357989766,2.796684495680442,11049.023998392051,2.34375,-0.06699682148164307,-1.092547180845977,0.09137321245796895,1.6934932327756447
ictal,0.06981062889099121,26.805003465409314,54381.052533252296,4.517408040980299,42.43836881129634,3.055171261702862,93.83424336388602,1.5625,-1.182753093197885,2.745750576968576,0.09350035678404334,3.1136492090886043,0.43174271514666174,52409.63727855386,2.1091775963375645,3510030.1170553723,2.6738339252938754,31878.18567884792,2.5390625,-0.14904187689080206,-1.2581473043916345,0.08667746802185505,1.2651159148927473
ictal,0.07679605484008789,37.07907755531959,64988.830766357925,4.1330392698307215,10.704175730959637,4.0966252024857965,37.73265863556655,0.78125,0.20447844539829443,1.4517078135103523,0.10552481021408061,3.218131293344647,0.3890338369477274,46367.09347293975,1.5803173449399421,4090990.0342563507,2.373040071034708,41378.772034204114,2.34375,-0.21043072554569744,-1.2641206695110434,0.07662148462221977,1.3966782574499914
ictal,0.09873557090759277,13.575583083253052,46962.18567643618,3.8109894212975988,490.7791143330317,2.317751292869951,390.1258694693483,0.78125,-0.6857784474806528,0.5044841109724643,0.10418883800944655,3.3377347191716122,0.7279625873083946,58755.333910447654,2.1667036561831248,2106071.199744717,3.0252137677940834,23770.765245676845,2.9296875,-0.09205673406920206,-1.0160110325302978,0.10072775346325102,1.5959128746071285
ictal,0.11070418357849121,11.198074442727547,32592.84814294436,3.4444984767981013,293.6401297632468,1.7014935378327263,235.45183940292793,0.9765625,1.7852748528365996,5.327742201540012,0.07677676434966554,4.1305273256088775,0.4062585517615459,49111.339958003424,1.9554207919065807,3118126.370543369,2.5501851461089116,34635.94594034723,2.5390625,-0.07504311596537389,-1.2440543027873379,0.08059885395793334,1.473982931045341
ictal,0.21143269538879395,12.168573890607387,55956.2005190169,3.5000768304154195,789.7090848159745,2.2440150181017775,428.9485878977684,1.5625,-0.48028028129572403,0.22015920392075738,0.1181496401433519,2.771079447863067,1.3251416660054987,58916.62063391804,3.9952005338855416,94353.2663432223,2.949431435921665,3460.851146902841,3.3203125,-0.17956849763996333,-0.4959985031113461,0.10004401356441818,1.743304388895179
ictal,0.24235129356384277,5.6349774841677975,28027.798527923947,2.941240891258855,2308.619148494462,1.5252734623533584,668.457811040306,0.9765625,0.28303353927643454,0.20005083961939762,0.06739541450994224,4.709949222488769,0.9258635019794703,56501.95262468757,2.843211680038643,525777.3385835085,2.9283688616104384,12154.778665383768,2.734375,0.08366446771400735,-0.2720644737149591,0.09851059968636487,1.5795230843096284
ictal,0.18151354789733887,12.078173053058585,28552.669690904044,3.663834797670248,104.14669041365494,1.8412497423625471,116.65438423022786,0.5859375,-0.4549868659720446,0.31791139019941284,0.08620452358330036,3.784867355364339,0.4081594573388907,47174.59820929126,1.7047458048603177,3105219.832426249,2.397706770284884,37214.69337455206,2.34375,-0.05786583172567942,-0.9235867432337108,0.08024975235856177,1.4073143857507793
ictal,0.4118964672088623,14.08291427892475,97123.86323327571,4.997090592470354,1166.9195483596475,4.790086452854338,593.5106214189916,0.9765625,-1.324285752408109,3.6113841388474093,0.14938356680295733,2.5524984106510757,0.42745534356046894,61533.95089954886,2.337096082576638,44660072.620747596,3.111614331974627,130033.37919271053,2.9296875,0.07946945473877466,-1.1430840025191975,0.10443258612349332,1.6715949845427893
ictal,0.09275341033935547,8.307598123868887,37548.56276074801,3.3162159583139377,4496.572898539075,1.6881134848391353,870.2673399110705,0.9765625,0.4260877352085305,1.046725381855019,0.11018031215245662,2.972094590415093,0.6728037787661658,52490.9953459163,2.961779615767532,1784152.2283435175,2.710942442390637,26741.1683579656,2.5390625,-0.01897170971012272,-0.9200204195034982,0.08967601136176671,1.636764327160353
ictal,0.21043682098388672,7.775064188517481,50377.78770025673,3.7086605744703545,5752.301514147288,2.3834595343507186,983.2241919163716,1.171875,0.2340366961071141,0.9766129709975808,0.11163480555767752,3.06727979533171,0.23203760294125203,51379.328479800606,1.9160527945802333,98089920.08979483,2.6292227234110195,203509.49864651088,2.5390625,-0.024332979547474327,-1.3147956911117966,0.08623451390999766,1.5717058478598267
ictal,0.05684804916381836,14.029427629803271,99103.14262203773,5.081775611538704,240.20793378756636,4.843402404974629,139.09444107822017,2.1484375,0.3988814266606156,0.46016994860514604,0.17842855228278334,1.8260346009246309,0.3710213487473825,51955.86394853491,2.7934403212671617,18602287.36819471,2.583356055880485,76978.3481177036,2.34375,-0.05745548002201899,-1.141963234483122,0.08995835566782294,1.6515168825352848
ictal,0.4248616695404053,8.246221138143943,47967.531450689414,4.721687084774004,507.65240876660704,3.338432647442685,262.6815324199834,1.5625,-0.4623846994388375,1.7079456448294845,0.0845506058715989,3.9135822207611795,0.28147967514098926,54328.1358657108,2.1229439765528033,35724855.788744755,2.740788020358096,106192.4151593699,2.734375,-0.15084320818670846,-1.196506649732319,0.09102873257439757,1.5004076391806174
ictal,0.10172843933105469,18.28651944159128,105395.71422392881,4.550328276314965,211.37194591963987,5.7651063604978345,182.68876018681516,7.03125,1.2555039112658881,2.635285233295374,0.15284988628258178,1.9620101389561118,0.25965186985183614,47847.48223737357,1.7006216030235024,71590200.44238651,2.449955193114306,175769.47237168727,2.34375,-0.21120575323675253,-1.213550165928767,0.08105900721869752,1.5563103670227436
ictal,0.09973335266113281,0.9164877363055167,53436.937432316525,2.8696642051171093,356949.4841080852,2.768776644019207,11334.740653031671,2.9296875,-0.021757515926074198,-0.5553230788963948,0.08260350510846884,1.5179124279328082,3.68893279521536,169152.3517987651,5.012127629447694,42540.15397194466,8.78303838852895,2274.8362119580506,8.3984375,0.28563542526928654,2.407360480574254,0.28419360339911565,1.1472559061174543
ictal,0.1356368064880371,5.104136436050196,28864.784512059145,2.8677475248772106,12995.871724719107,1.2361271628460169,1636.893310158123,0.9765625,0.670938994773752,1.5501813356057061,0.07098582468047146,4.154721718572109,0.4385490152913325,50344.56786732285,2.267351837667338,3649453.044252267,2.5890977299709865,41180.96106485725,2.5390625,0.04056001052324908,-1.053778575551566,0.08522982367060775,1.5675958511901862
ictal,0.13763189315795898,26.24331704032089,73788.5241879993,4.663019027661811,56.978394017418154,3.6607391487865697,101.55493058466823,0.5859375,2.461909660839656,8.817537691617376,0.11106583973123889,2.720014421704531,0.6943265706312048,47255.64437659301,2.5720082932627397,1398134.079791243,2.4518132450111287,19823.081055837512,2.34375,-0.1493906035147034,0.11159426851142529,0.08035006674933344,1.6350920747184334
ictal,0.08776450157165527,4.280514624326126,29005.10348920585,3.390200879476164,11518.374366181371,1.5385841920451078,1567.0921152136448,1.171875,-0.12037508955131791,-0.21780734242316946,0.08133598221758649,4.219539815294557,0.9936956920692028,63268.48363120916,3.721495091759141,606108.0630774419,3.331938501803849,10662.134545753775,3.3203125,-0.04881847776906786,-0.7344306927482576,0.11271524673091284,1.6683041515559376
ictal,0.21642208099365234,6.953331432007533,32166.65096357681,3.3772800913078913,1104.1289906856082,1.7051192600280984,612.4342680131791,1.171875,0.3121238454656581,-0.5488253695717553,0.07768592864128318,4.205507800805964,1.2458434813125332,54984.820874521836,3.5113824483571,295789.7208385167,2.8849831291414136,7580.271069084649,2.5390625,-0.07679190902281324,-0.04558699516285536,0.0977797428574525,1.809523326023653
ictal,0.1575777530670166,0.9342859816633362,38386.66880518685,3.7109533407173476,183702.0417915037,1.958000746365654,6160.811684290732,1.171875,0.0872409351568936,-0.9961468708798886,0.06578468739810363,1.775238650805809,4.928558304367191,263851.3290758822,4.712996747714019,11046.711007551296,13.788569524650297,1336.6701949573785,15.234375,0.06211907265853855,3.3126520423019032,0.4298149301627274,1.0472279028026308
ictal,0.17253851890563965,11.194319289781983,35866.80227151681,3.280590271117018,1141.6684019832992,2.1517171863564615,672.5183951394919,0.9765625,-0.37909157570337104,-0.1935534332890727,0.11075304429385648,2.6521077535591027,0.549140150668941,47260.9771923314,2.199594550671612,3342390.8517048904,2.4179671388279242,34782.255373408036,2.34375,-0.10673474573297284,-0.5448143655940818,0.08120746854748052,1.6188079936353303
ictal,0.5385589599609375,2.348263836245245,26130.493665378737,2.569100524065192,63689.686623073685,1.3260289870471096,4739.955297462091,1.3671875,-0.11407706039278032,0.24393585571966714,0.06938427554446933,4.811425776711682,0.8080204958521512,57240.37017748592,3.836174795905064,155538.66668300054,2.907770545976065,5393.551739389612,3.3203125,-0.16132788002453413,1.2869510122130663,0.09921166544822113,1.683809719263704
ictal,0.07878994941711426,0.6727333839059197,42787.30527866696,3.8365496843518736,1042177.7926462588,2.3443459137880094,10663.080023383844,2.34375,0.4503582263524707,-0.6779776739713625,0.06965113593883399,1.7259204140290116,3.625934005616329,240768.70747272062,5.3517832739032105,17159.009942130553,12.166612343282992,1324.783096629929,14.84375,-0.02385002884143917,2.804157281397589,0.39854204048461905,1.072236399676827
ictal,0.02892327308654785,0.7535500575753353,40776.65039729157,3.661677429733177,531655.4236623148,2.3072591563349683,8072.9940670784845,1.5625,0.025547559032615793,-0.9100785887102201,0.06848956565985737,1.664083458292295,4.828455447595699,264727.78771833656,4.817808371019987,26482.637976803926,13.61122051671763,2257.8590858166417,15.0390625,3.036013556682557e-05,2.5204970054526967,0.42275759895446274,1.0465212906683259
ictal,0.029918670654296875,3.355952339590645,41180.51935895803,3.8242003458702394,7207.012972675306,2.2810210976881495,1266.665311090529,1.7578125,0.3110285562647364,0.5755620502287111,0.0747966231691555,2.2358990990157372,7.883506324230456,203882.70369625112,5.3014508682105745,920.9789552529941,10.181475693902984,512.8576228346176,9.1796875,-0.050386585580941425,5.924495073603506,0.3405143889100071,1.1107156530202553
ictal,0.03889584541320801,2.9892639558917913,27511.13941300078,2.9781641261882967,37962.37499882662,1.4346250518735106,3210.3808511202815,1.171875,0.3307375087226234,-0.7269114151188765,0.07253084217457963,4.4576480960532825,0.9936147376487378,63618.264481699385,3.599619428104048,761556.4396780098,3.3872411883807243,12475.156374028333,3.515625,-0.0069558377003372624,-0.808007198955631,0.11491654048424425,1.6100047733049125
ictal,0.038896799087524414,1.2721872276721586,43684.06978831714,3.788325088434763,76473.73514765894,2.3746705133135726,3270.4223097164727,2.734375,0.59778172787172,-0.39582099413141325,0.06879696871346683,1.6693448597510743,9.161050381114336,227983.20686968975,5.456570903211717,600.6300245909181,11.376478300539725,197.54249422625568,13.8671875,0.13089737993159747,3.407415584422968,0.3872374444554813,1.083945597423255
ictal,0.017952442169189453,0.9244463403259031,41612.04413220262,3.814923357526283,130487.8040096023,2.297999455664063,5048.123891916811,1.171875,0.41792611799520113,-0.3753082104531904,0.07495941689475331,1.64611458805092,5.863734800126125,267867.66251371545,4.6546494667993015,11476.07893348129,13.90311987875638,1543.9937098727128,15.234375,0.19555642044199067,2.2427009317843654,0.435339502789882,1.0485342876357386
ictal,0.054853200912475586,3.70270364555481,27469.462685575218,2.8476154270512417,14133.965225478785,1.4790758961104635,2162.8705579819703,1.3671875,-0.08723327322168974,0.6134340674453242,0.08024418847502393,4.387242881593554,1.040792551258655,63003.68632511375,4.459109601599823,40681.09452972974,3.4640922274405233,2764.682752785085,2.9296875,0.2425159716694507,1.565010952172388,0.10313025237969371,1.7594667481934367
ictal,0.10970878601074219,0.6689315478647436,41664.00555727267,3.874844030342024,884133.5184173172,2.2236638099404615,10741.291429856718,2.734375,0.4788924571129031,-0.5018949793759089,0.07159992452706224,1.719871908206155,4.290227972960181,234373.624010103,5.423169837294822,16147.593737936686,12.029705700832933,1316.6364009528888,12.6953125,0.030922635879923385,2.8540503891102995,0.39260237611058063,1.0848209958019368
ictal,0.1874983310699463,0.7734788224779673,42447.5234630318,3.5953801653811306,368038.16340930527,2.4719446519606323,7783.164219197256,2.734375,0.5633969220413796,-0.3062164945155512,0.06825213537617464,1.746308978446993,4.912204656969616,269030.0907089251,4.734165940776742,19663.33002568769,13.856366679929122,2005.9183154963494,15.0390625,0.0639798963459896,1.341985670359441,0.4266768848978791,1.051234978882853
ictal,0.09275317192077637,6.6093041685716045,56503.27492183578,4.3105538480875305,875.1273244663112,3.056459574776779,496.9723170156621,2.734375,0.1497867747459637,2.2122664062793156,0.10096144189990826,1.8872764922654413,6.771165751795832,233329.46019015703,4.666592659689734,8258.064477549357,12.033727253175115,1170.8632805281923,10.9375,-0.22999694455183778,2.609464775286348,0.3840113827175645,1.0768848329753713
ictal,0.2124311923980713,2.348263836245245,26130.493665378737,2.569100524065192,63689.686623073685,1.3260289870471096,4739.955297462091,1.3671875,-0.11407706039278032,0.24393585571966714,0.06938427554446933,4.811425776711682,0.8080204958521512,57240.37017748592,3.836174795905064,155538.66668300054,2.907770545976065,5393.551739389612,3.3203125,-0.16132788002453413,1.2869510122130663,0.09921166544822113,1.683809719263704
ictal,0.10272645950317383,0.6727333839059197,42787.30527866696,3.8365496843518736,1042177.7926462588,2.3443459137880094,10663.080023383844,2.34375,0.4503582263524707,-0.6779776739713625,0.06965113593883399,1.7259204140290116,3.625934005616329,240768.70747272062,5.3517832739032105,17159.009942130553,12.166612343282992,1324.783096629929,14.84375,-0.02385002884143917,2.804157281397589,0.39854204048461905,1.072236399676827
ictal,0.14461302757263184,2.306383109280919,46311.071828251974,2.937162117215109,6257.641721857144,2.4174803447509943,1666.7371368943066,2.34375,-0.1940639578803216,-0.7260258199176879,0.0799614229981681,1.5171225436782125,11.808343740786484,210473.5746061014,4.4588014375266365,796.3321811297482,10.932436049515463,443.4705771344144,11.9140625,0.25419656184050127,1.2536609013789537,0.35163270978033323,1.088662590691308
ictal,0.02892327308654785,0.9449024043481691,57785.84270710178,3.176407999503035,469379.7257285745,2.9551546122896606,11605.961748099897,3.125,-0.19608129323438572,-0.7380672206868724,0.09681323936552018,1.5511065695947461,2.572418587454272,197294.3878346547,5.219528793200734,119776.86523969514,10.248044182610238,3624.914836572359,11.328125,0.07704290696535761,1.8846377117332391,0.32824933054041444,1.0993623528315677
ictal,0.06981301307678223,0.7303036883958441,47181.159488447825,2.503774340504599,742571.513526795,2.4469976562541604,15846.435573264185,2.34375,-0.21159632459281738,-0.9280006595675108,0.07856239934999794,1.663597461354839,2.187845924325904,190135.3807120169,4.498789124721827,248798.85488504884,9.805868590425359,6589.70501567406,9.5703125,0.1998641362109266,0.6660265058761543,0.31482611199076044,1.0897100820105805
ictal,0.1406245231628418,11.518001668219183,44626.71473188246,3.9113718426685318,1226.5935517708517,2.2002998464348456,531.0308039331758,1.5625,-0.39867361683955405,0.7183398618349122,0.12474197218299538,2.704698602922804,1.0839743297090552,64704.029561088326,3.4664582202978824,635174.1604753637,3.417820306757015,10716.072657287072,3.3203125,-0.18053177193136466,-1.0213461834448845,0.1066271221932787,1.6584681650330881
ictal,0.11868143081665039,19.443828038820246,68135.28313583916,4.17543337262186,398.72516528135037,3.3388574610983297,282.67054856267083,1.171875,1.4558868179750173,3.4828439436869765,0.1261587425863089,2.5670989664382677,0.8502126633922892,53526.048841443575,2.3083755645475517,2788391.5301869074,2.7858565670158617,32386.46365871688,2.5390625,-0.3612470870853458,-1.1597785730067514,0.09322088233297725,1.7599188739591705
ictal,0.05584907531738281,12.364706526049998,34135.767544320624,3.978644684019593,676.9172351922388,1.7628469657834118,337.81792190628863,0.78125,-0.49751616606356736,-0.0030502466070783107,0.08549026314228596,3.8363127815752565,0.8057005199066067,53436.947775507484,3.566261880969569,272438.4430684012,2.882001761394936,9362.379587348261,2.34375,-0.2320244010719107,-0.7040494910324893,0.0915057176710183,1.5663569942334978
ictal,0.08876252174377441,28.833439263087588,70780.70630190766,3.6672025054131323,85.48420160002179,3.1752241678950655,141.7841985609903,0.9765625,0.05318453647833538,4.563237699415497,0.09602666803380779,2.9370880248199867,0.6528205367618253,53236.981426540166,1.9412494891028422,2044468.7863249395,2.740205125244371,29700.383860467085,2.5390625,-0.2956912576355638,-1.307382522997535,0.08908625013495579,1.3934100965323997
ictal,0.08178138732910156,10.296950014653852,34083.94489736341,3.7269489410576466,760.0826104395344,1.8418810061613955,441.62562970322267,0.78125,-0.6953667989092314,0.6748419760649096,0.09006844328933662,3.813719723162921,0.7907613882051133,52178.859823944425,2.9709915305870256,849144.1589043832,2.741344877820324,18959.543812518456,2.34375,-0.15043635593883972,-1.0470996973006574,0.09036333579248915,1.6530310359808034
ictal,0.01795029640197754,4.8841504244622085,51260.60339580644,3.5303069818158703,1760.576010404876,2.5356168013016553,782.4011117220488,2.5390625,-0.0898909110908944,-0.12371500588016149,0.0884472744827873,2.085645439931422,6.690292817313644,222139.11753143062,4.2995529715310505,9369.2962502598,11.500263688927602,1166.5076456272168,12.109375,-0.08356584891700013,2.056558847577552,0.3614496719011814,1.078353718291456
ictal,0.08975958824157715,40.13175689504192,73026.79362184029,4.376314175492527,38.13859246510546,3.727820072156324,107.83827156271423,0.9765625,-1.2741787497881492,4.369605953554702,0.1190046349659322,2.7220652506126743,0.593039580764323,54195.8667616462,2.196149981489705,1852896.1255088309,2.7894433140471726,22054.437621396544,2.734375,-0.2112479478571303,-1.3020105925192342,0.09120706986718499,1.429451072075761
ictal,0.028923988342285156,14.55633955820691,44809.65191213654,3.9074303013056744,310.29938209310336,2.0764924453078244,236.07777508524742,0.78125,-0.05742337769036914,0.8739790924404538,0.08647896063687334,3.5236490510868546,0.9340830802001416,51386.1397695929,2.449988180477602,1002705.759326335,2.481229750215031,18836.211979231466,2.34375,-0.1271161546063975,-0.7842799943523118,0.09158085082197474,1.5694912184948087
ictal,0.018949270248413086,27.092133495985788,62589.16779518235,4.739590902929115,20.653522324655675,3.965846135213513,83.00630650896237,0.9765625,-1.0349872462980558,3.2168501488563024,0.13094835792948695,2.423588445401183,0.36128865751381184,55823.554522095226,2.0320579559148744,5498013.58668525,2.8315879407232147,46369.259646623366,2.734375,-0.07224870218348425,-1.1357315720183985,0.09442243291688271,1.3694696853332269
ictal,0.029914379119873047,11.94223934898678,37077.99692033249,3.619046543909791,441.6077336521638,1.9820939840628329,265.9960058856442,1.171875,0.6808042617806191,3.086949412874736,0.10518803321169186,3.2063739520853174,0.7953591569583005,49096.23569533097,2.350341799864802,1042608.0947302969,2.5223519632827895,19478.785037828115,2.34375,-0.12100512663433712,-0.7285079222475122,0.09774494907733729,1.8186239053020412
interictal,0.5634915828704834,14.21340377583233,24778.20533229075,3.452777447975837,7.704068904908481,1.4753433769911182,38.501692852075486,1.7578125,1.1217218243609162,1.6947690719388948,0.046253501547017316,5.0810202365448776,10.661037159887503,88537.93578117673,3.778924038760833,92.56798201657172,4.429540850763963,178.85624283376544,3.515625,-0.22194391050361054,1.857812632289817,0.15635111410568567,1.3713287894496746
interictal,0.016953706741333008,14.051935834319405,41536.746781554604,3.8538520901296156,6.457441478312829,2.345556249441088,42.124907125561975,1.7578125,0.10996230092879668,-0.5341119448975173,0.06884677229573723,2.836911595837385,14.743047275233033,162180.88078425126,5.001155378771304,20.52774103050351,8.348460019166795,65.03713275621105,8.0078125,0.15078526131550726,0.16179936265821437,0.2753813024589352,1.098515831629738
interictal,0.019947052001953125,10.572674854632304,36145.52251376216,3.693252783989197,113.52276654212426,1.9179734287607104,191.9806454459026,0.9765625,0.20050475654454245,-0.27926094563863035,0.07272351032139496,2.304020977153734,8.145493272731777,164755.26390030116,4.6680669276926245,513.7782343088152,8.68198856839802,268.96242890715007,9.1796875,0.006702535512299746,0.36481312216859063,0.2708800787510791,1.0927099216196947
interictal,0.06183886528015137,7.507199779938331,31967.139555884587,3.4322547716509266,48.5279649913761,1.7836173616954794,102.58703776672671,1.5625,0.7251768367371417,0.40515769740154406,0.060363356412469066,2.3019134930901695,18.281358813545562,168974.22255258297,4.8830796599746735,16.807494483567634,8.785968886507309,41.53603133557561,8.203125,0.03670583038090501,0.15245742270098317,0.2739414237502804,1.0944404883786873
interictal,0.0468747615814209,25.122656331926787,32031.146006253097,3.3616135469637136,15.083232029737875,1.5897587046825064,54.70827044868448,1.171875,0.4151538863451787,0.9202084314488137,0.06794384702021218,4.803512455999589,7.5116662802332685,73116.92969918142,3.3100336428528294,862.4273164079874,3.679508607400765,492.6011773077003,3.515625,0.01521926399712124,1.3257146629222598,0.13055104195775466,1.5364142712268916
interictal,0.21642112731933594,13.630123492706161,37395.082887136035,3.505611360641089,31.2973087668581,1.8305825818357158,80.05861305192334,1.3671875,-0.02464453555361866,0.04119159327272204,0.07132662891578592,2.7911379665996585,16.922917909011865,150364.8022057812,5.085159760467567,13.20044258721083,7.709735353540313,38.3060438357602,8.59375,0.07409151494760746,-0.035091544283915255,0.24953028767333665,1.1271988893730802
interictal,0.021943092346191406,14.893770740713096,31257.198760130697,3.419530938785114,26.5563846661049,1.2618938028947884,72.75691267840894,0.78125,0.5545395133068534,0.3428252218347252,0.06917184114819391,2.8988714097985695,17.96712243435156,179084.49482891167,4.477288565467838,19.864919079518828,9.270590294824173,52.5363908741071,8.3984375,0.01651511899456403,-0.053324313462586925,0.29302135958428704,1.0785797219036577
interictal,0.0688166618347168,12.533515695368305,34730.00855233182,3.6744402588024294,21.97774638760552,1.6960940490866172,62.00844986981888,1.953125,0.7693614266256767,1.5354957026097829,0.06680390979974406,3.0824270849860667,21.849708702504568,132552.444238656,4.661233546913751,26.87896170889459,6.70773629650623,79.60148529767442,6.25,0.009271924031610163,0.14588685995430417,0.22793777429404896,1.2011956498825505
interictal,0.1904900074005127,13.55309403514144,38261.07508131799,3.868360082446433,7.7284726719908745,2.0127424177076496,34.488730035320664,1.7578125,-0.43432838739260493,-0.279209616628592,0.07222158551537179,2.3589543395321297,20.732538704592756,140708.2238893665,4.806154426502306,12.832923043208906,7.113560988122638,34.98473260055272,7.2265625,0.003899819965172904,-0.36387041892532324,0.24068435527319518,1.1342430348980967
interictal,0.04288506507873535,22.41845475621921,35556.03821920896,3.751175416802696,3.3730114814967975,1.8561534354124865,27.488539634266164,1.171875,0.45413681416920604,0.46449517824360465,0.06944077139304465,2.970849982805382,22.07837186063176,161352.63907019355,5.088823841101798,8.624812648804662,8.387328591053372,30.183370260108514,8.203125,0.21910244674751203,0.7684022719489878,0.26916909914129583,1.1286162431484874
interictal,0.2513272762298584,19.313257113056046,43935.3055636477,4.152957179519445,3.120146222881101,2.1838886506246764,20.941072847894368,2.34375,0.5331094902430998,-0.3211200078251135,0.07847018512366183,2.1639960636967333,10.72959634148569,168982.53554235672,4.573631264340145,68.0390680891065,8.75646904930698,80.61983290999383,8.203125,-0.015846570681243784,1.4525241972171736,0.2757050426171057,1.0757585479019518
interictal,0.017951488494873047,21.786518953149304,41482.38150063021,3.753874354351936,1.2828073362618786,2.4465544361714353,14.299987959457832,2.9296875,-0.1509154875186096,-0.5673058632174799,0.07480675822904562,2.68554894884828,18.978473495741213,150256.86852356436,4.872951073678244,9.5189245874051,7.816675790776874,31.803031210084185,7.2265625,0.13206873437023872,0.5061889154249783,0.24616718144964445,1.0994451185299645
interictal,0.02393507957458496,8.7758529848164,31832.33231281373,3.3665555634736393,66.60855107648166,1.5805547029720861,126.43764767297459,1.3671875,-0.4794066305108615,0.11822136303042763,0.06205944978838668,2.750902372678022,16.280733029229072,169140.25466479725,4.591028580184333,29.67576491158798,8.40648076382617,63.36810859590258,8.0078125,0.06832154829950231,0.3893811520667185,0.27096760464270236,1.1077940560052126
interictal,0.09973287582397461,29.171543619855377,40799.34820628242,3.8983845090654614,1.8281908764462511,2.162998677844529,21.541556479271872,0.9765625,0.13537252996157906,-0.6803700662536802,0.07610981595249311,2.7511761621029223,19.30137024360362,171133.20834895986,4.713490239859896,6.3341795385732915,8.34856025719821,25.98473260582335,6.25,-0.029410007032932995,2.4580906370655082,0.2858661175235126,1.0805428592505235
interictal,0.03689980506896973,6.319878943330278,27122.66728094532,3.591926924928741,180.79398431887847,1.4602370241067035,179.2901591293925,1.5625,-0.10443149165233619,-0.636324910296004,0.05814762197078779,3.3721304026731893,14.385161250622437,140375.01784167124,5.068363924501205,31.78361996495045,7.090078310829404,51.89308655870097,6.0546875,0.04740517201957003,-0.14950395259548888,0.2369227820289981,1.169194221658228
interictal,0.12765908241271973,8.053146122877843,41393.263047368106,3.5813182982669587,87.11444361843586,2.171701149411019,135.0547656841465,2.1484375,0.09041136083035711,1.3359511476398174,0.0753654696758331,2.094138407076372,14.154963036433774,166961.18484763516,4.270891977568057,122.15792946574497,8.783470469175771,188.68885766578185,8.7890625,-0.07110042388397257,-0.25671407957414605,0.26815027411210474,1.1048085735646866
interictal,0.022939205169677734,8.54499072460699,36232.720958766324,3.5035787940872236,144.24303526816337,1.8350987632510785,197.85844480761904,1.3671875,0.06106022954944795,-0.16426207127813353,0.06826140173894941,2.452645319812132,12.408233572043184,142576.58370343424,4.989215793152324,99.77792756181239,7.193398809850657,90.12198599306339,7.421875,-0.00018474623318278006,0.3395973392400409,0.240148450108899,1.1039538131643694
interictal,0.13364291191101074,7.837560668973741,33698.3341190628,3.721517657831811,92.43901600649697,1.6964735725641344,161.98166568393322,0.9765625,0.9802325737916878,0.945782135433594,0.06293638806156397,2.345479354758001,15.259415014479371,170177.97201955155,4.859396739229489,57.07005969019595,8.851962495297583,81.109165943877,9.9609375,0.02282067214216022,-0.27442071927956446,0.287972530962091,1.092090918008951
interictal,0.021939516067504883,7.285470899728198,36606.40625403664,3.6514628551946897,69.79500959318777,1.9150978490561135,118.10249512018173,1.171875,1.5474199869048746,5.317690778622337,0.06566757027563916,2.4737086025161874,9.914409579439951,134171.80352101274,4.603922821715629,115.77470034595277,7.040328861962864,180.89486527140127,6.25,-0.06677953213225638,0.9538063555566398,0.22553054875116163,1.1328266266262563
interictal,0.20245814323425293,9.932090894099186,39754.68008387286,4.056767569917932,37.732602552007016,2.171984386879839,84.93184859046747,1.7578125,1.2959567601489868,2.086258329659982,0.06987076244904704,2.3667110422820326,11.578376343579482,125072.37101375441,4.845665957577528,191.60776749969267,6.158134685036189,171.48565175454337,5.6640625,-0.20184391299293483,2.237176157775708,0.2166572101369686,1.158322719622522
interictal,0.08876204490661621,6.565944508379423,30644.379594066024,3.55874519484722,102.10189590764726,1.5765869092300269,154.5015703991326,1.5625,1.507163944962142,4.4642259900514,0.05789314211868758,3.4346043409151457,13.519891768534071,145676.93762278106,4.995520365025978,66.15382446973088,7.2426264508017315,78.8133471460613,7.03125,-0.09955914010647346,0.31449961455779185,0.24109648866296782,1.1661508943090895
interictal,0.019947290420532227,18.281083348458758,39732.75066192834,3.8589661780163396,6.923088168538959,1.9812745889119523,40.064784879005764,1.5625,0.9443590260353463,1.836339131240023,0.07303388927374738,2.361496050326433,12.110700940640388,161703.43219583112,4.493841608663728,65.99817055928327,8.310717394351604,76.60973120941846,9.5703125,0.03176076042674637,0.18795942233190743,0.26129616577012865,1.101155475099518
interictal,0.018950462341308594,14.671014713481256,38119.113904104,3.913862868817586,18.24889086607983,1.8555635255122536,68.80617651018237,1.171875,0.27848586578536016,0.27334687144574055,0.06382484637857837,2.782372413697271,15.869227797877173,153994.60998706188,4.688329672136057,29.462052022692717,8.063949553089138,55.23519538409454,7.6171875,0.15089164417709905,-0.16046496170963565,0.2512740846791953,1.1052552305919392
interictal,0.11668801307678223,9.534431882513346,38329.09132183813,3.4146287900173222,39.7714377977411,1.9317792578511757,102.94072049055065,2.1484375,0.033819399605228735,-0.5137463785204068,0.06610046180645292,2.6840283224751635,23.51447199307948,153882.76988986944,4.953169477933973,9.620365328467685,8.1357074350566,28.8952196680324,9.1796875,-0.1715418216355155,1.8853759918450255,0.2653148807103828,1.1163633733577394
interictal,0.2403562068939209,16.729747297601662,36735.41453321111,3.5061831831886585,8.520717442763376,1.8902135908642899,41.1493406165105,1.171875,0.4846329063557629,0.045539936551295845,0.06775315402335856,2.742777233039136,11.66045504998908,171195.40176077458,4.033620526397798,127.4189164703727,8.989226455360257,179.5696477877359,9.9609375,0.06641158860221183,-0.6042805325562224,0.2777357501001377,1.0723811978115818
interictal,0.021941661834716797,8.726413135346245,43976.6646956166,4.136122884654237,142.72731497512885,2.249791910291002,107.39742675385479,3.515625,0.400828202597226,1.7380410918514935,0.08017277971408161,2.0138157306807405,7.379825558493644,162077.68739103113,4.932182958842129,406.55419853923036,8.227750541115983,246.42255862612978,8.59375,0.10438389863835952,-0.11014088129377253,0.26657920596381185,1.0818245182696573
interictal,0.015492916107177734,5.192414072420379,37261.17237612582,3.8850382231325638,1063.5776463149355,1.8978440100440843,453.8560727635778,1.3671875,0.5646682087039099,1.552298922697128,0.06907777870632453,2.151630159819397,6.131962658420189,174608.37184315003,4.429447158296896,1563.49389745231,8.902125033956745,620.0452890153567,9.375,-0.0607145832936462,-0.09452846994407382,0.2813279081478992,1.067780236643608
interictal,0.14162063598632812,5.1109694748885,39951.45083840503,3.901421519915234,356.0895857332147,2.2312218347757615,228.658165700889,1.3671875,-0.09591513460708515,-0.28061928149752013,0.06910407670976788,2.019351067405607,8.48405687141603,153339.15186433628,4.8509599606515605,616.4961386831517,7.7464533725815645,271.69336481119353,9.1796875,-0.061404820312581,-0.04081307350890784,0.2547219338880384,1.1176130420907866
interictal,0.03490734100341797,7.170416794169769,44798.51787875122,4.090444358939475,165.9513827286205,2.3147115559476763,123.09534022376,2.734375,0.5965342624393191,0.15429817494589448,0.06885759982215144,2.1118620757587063,8.21865466994449,145249.13254993717,4.756240807457973,870.9798774935016,7.474298953529975,362.1455664606947,8.203125,-0.15230343127699691,0.8513631361188483,0.2532371327656069,1.1008241665118084
interictal,0.04388117790222168,8.870102504367331,45058.65143346188,4.158166159287601,218.23141557881706,2.3034346103441545,189.2409993296721,1.7578125,-0.11916277551729092,0.23750428004933477,0.07405817958142492,2.4334568126628615,7.454235766249695,167409.4707798592,4.666630658576836,1111.4302729247431,8.710085084377528,511.9289850440065,9.9609375,-0.033927827310055725,-0.041623683011801305,0.2802044204000325,1.0809698057216046
interictal,0.1805553436279297,8.485000380129252,38853.64281458453,3.832026540764487,113.08868521166161,2.0265478801195855,177.23191317059795,1.171875,0.19627950990816237,-0.05084337471855971,0.07534881976840191,2.2026755452338747,10.129887351122246,152517.68364050685,4.5751503355575,486.3610500885846,7.987952874719063,268.3827535619141,9.5703125,0.11548880877773446,0.25015624755355814,0.24959650502586703,1.1316992304130002
interictal,0.01795196533203125,7.504462871766589,41911.745616420325,3.8273771055890715,155.57457886576714,2.15680255116647,146.04560403159417,1.7578125,0.9204496568273357,0.5316459123112831,0.07842926261279447,1.911808847890634,10.215244651102475,157659.20173434837,4.733390310231199,230.73129816722505,8.203615967202254,158.28413789325256,9.5703125,0.03728105054293582,0.09494200689369148,0.26274944636138153,1.0963811244734722
interictal,0.1685488224029541,9.570584253740568,42365.49889584446,3.966738843115536,46.380494847533065,2.1665117940257628,95.65257885581615,1.5625,-0.12604789363862676,-0.0978210813493936,0.0773979454418148,2.075769788574132,5.661302872166468,181434.8749424529,3.693925629314078,2416.021632818698,9.317739492353518,826.9411151760935,9.765625,0.009760782029013853,-0.19374527838797784,0.2966878766920748,1.0368215647257546
interictal,0.04288482666015625,5.793472413562446,40815.045122378455,4.111298746203771,677.8152102326524,2.1367086523982,324.2363155800654,1.5625,0.5269255286816255,2.356224441570207,0.07582888438671413,1.8552385767741302,6.88471460010166,162923.1255876292,4.895182409231138,488.74937017218275,8.17378417499878,268.61769602215145,10.15625,-0.053340191029656404,-0.5275019108333394,0.27321469110304974,1.085169338338252
interictal,0.03390860557556152,9.849695862257885,33926.71722325484,3.3714845873734682,145.5379258311064,1.5987777804431154,184.36039687167002,1.3671875,0.5030590552670531,3.7234517411547454,0.05824337588579646,2.152271377439853,16.854241612879598,160043.78567497976,5.0516749831384375,22.79912491915049,8.271804464658793,44.39977780157855,8.0078125,0.06459226788575698,-0.3748488059784765,0.26571971826466667,1.1051320953134203
interictal,0.024934053421020508,4.687001560867221,35269.02418288513,3.673351594792263,1082.5766458468777,1.7408637281096213,442.23620284462856,1.5625,1.5342940494126467,3.3601298932451984,0.05930436495789393,2.064791441735337,8.684048047988526,156657.92472196216,4.328779236130114,447.72520872784906,8.095420715652894,355.20119694685275,8.59375,0.007900321602822422,0.1939827233814313,0.2562413242387189,1.1028077018716178
interictal,0.0249330997467041,4.0924702304959855,32723.739180051165,3.2238549267909384,1528.8850684508993,1.5772906646815101,634.966124757543,1.171875,0.618072060087008,1.8888825425136737,0.061048569393528214,2.33710342036979,9.711201293330612,145940.01406460328,5.0375127485104665,143.38109877296688,7.353032484684842,140.9807888889204,7.421875,0.10175588009006024,0.1334128936152501,0.2555453173243426,1.111427280013988
interictal,0.15259265899658203,6.883969043828371,30043.853641862377,2.761978340756381,155.25073337029727,1.6504307874519233,206.0379209957487,1.3671875,-0.32641301366291964,-0.5351461887259528,0.06094673566142233,3.4265876625719094,11.95775768578854,131082.21832108192,4.982760191701767,91.96338913970594,6.812257744903008,88.09105892143737,5.2734375,-0.07882113886893607,-0.47157564677510555,0.2197538007351763,1.2152522061464837
interictal,0.15259122848510742,10.532701752900476,31039.92210888255,3.074389561795489,69.60310216357715,1.624439013195152,131.02330356456875,1.171875,-0.16566872232911686,-0.834405658956856,0.0645235935549467,3.650134084206266,13.228883669201124,125125.66455004096,4.8917659715594155,70.67590630328398,6.391697843500223,106.92298227885676,4.4921875,0.25151657423981955,-0.11259271136875038,0.20638229810619485,1.2244667235833733
interictal,0.09075641632080078,8.013064907105951,30514.559469094023,3.363764206428978,80.29777250054642,1.6121283721929434,140.81797875540803,0.9765625,-0.17490330619599503,-0.32806843421401766,0.059637489985310196,3.1866847151060442,10.742688529142871,128954.45804254529,4.53246698395804,266.12187299651345,6.711640790004497,199.3313376022387,6.640625,-0.08172127097767262,0.111724338686924,0.20965926646554864,1.1568288362118166
interictal,0.10372185707092285,13.246433983629554,47553.54316961897,3.8718251038125278,8.82494670387312,2.6378354032350475,50.112637205714954,2.734375,0.159545722813646,0.9367144994782111,0.08217841681009695,2.403708754216912,9.859632736778886,144070.78885129452,4.683655433690907,237.65558303992486,7.399928637681717,176.34990446730032,7.2265625,-0.03022587657250023,1.3638872864566576,0.23684001247039935,1.1342194826887129
interictal,0.029920339584350586,6.381380039220303,29779.64351280212,3.4108981461310295,613.9727493957263,1.3643265608804638,406.7361268907773,0.78125,0.6571677463409098,0.5774956458806941,0.060361782135066426,2.683734939623905,11.999627762627037,138097.39855551563,4.9176623380018984,166.49368120822305,7.11721637016804,143.59906869590037,7.421875,-0.17177847332109508,1.066949740124758,0.2333976552152703,1.1433111867637018
interictal,0.022937536239624023,8.492262297553387,41046.63747159927,3.552833792432412,62.13969038477186,2.1234053805321733,114.03261067996921,1.5625,0.449091442554546,0.2889619835000241,0.07454774026425007,2.087445796318651,9.580483285249894,158745.08295027955,4.882655294391273,72.57471924611275,7.772114547359412,121.79277702693348,7.03125,0.06305509321684376,2.3067724898997186,0.2603017220338402,1.102341541541971
interictal,0.02293992042541504,7.30604396342808,36152.53207912564,3.2910452980624236,71.28883569189627,1.7069261260681523,124.12297839651545,1.7578125,0.42438382490578924,0.4868538422000941,0.06689669477101311,2.597298431727092,15.505253197600632,152872.48656875032,4.659924629895768,68.90334430315754,7.8862013752437585,87.77812139224754,8.0078125,0.0009404092091297122,-0.07276088943194514,0.2546801675807395,1.1258980756646297
interictal,0.06781816482543945,9.69552642775791,33753.75006454703,3.5335620356522246,64.25585823517278,1.5446809342552146,88.3279549647961,0.9765625,0.36092568352747834,0.0874330133787451,0.06664045879692686,3.0162941428140098,12.291293000663906,151397.9873495523,4.767078961497384,109.73659269747459,7.839820629224481,117.78651167141898,6.4453125,0.13385203172724464,0.4542886248439988,0.2592634488820573,1.1315148646449957
interictal,0.012476444244384766,18.74491313416053,36802.3421840663,3.7161202255809633,16.08296537064347,1.7876262686088684,60.84258435348491,0.9765625,-0.3165466145995172,-0.17532741661938278,0.07457361763564374,2.7351335597653788,15.947246555507016,187996.28707188313,4.747748079942752,36.30199706893655,9.56335571248605,57.433475320844416,10.546875,0.06213890144154852,-0.4343846784316887,0.30676999390290843,1.0774458457159244
interictal,0.08876204490661621,5.327905593800777,40751.665887557676,3.804753196928389,193.8485688431049,2.0055091739199873,151.76243194444092,2.734375,0.250979619436509,0.8692251426004765,0.07929537065059257,1.8991378123099045,11.7008772009216,145386.0034808787,4.948378607924816,108.17211793617577,7.369364868690169,91.42084048763027,7.2265625,-0.03544662458572265,0.07364983606841502,0.2494110266261646,1.1323270348488776
interictal,0.025930166244506836,6.650529380747887,32819.35427427769,3.2597514437132546,324.1444768145666,1.6119660927635622,313.4103885822908,1.3671875,-0.29221704658165437,-0.4874323426225775,0.06073412039530676,3.1140224546094806,12.67969123997004,139352.49396973124,5.118326754208402,85.1764739261719,7.143200129769742,92.06334495576868,8.3984375,0.13231954529983772,-0.4437916903169459,0.23151603798887038,1.1920655696291864
interictal,0.019946575164794922,11.557911258639075,33843.46825270362,3.3456273997656067,36.270467813572864,2.158157425524464,105.85510335246389,0.78125,0.7237706105672675,0.899132448504028,0.06649934384397982,3.123842874452126,12.045595581623246,131705.3427883942,4.80489804387475,149.88810409118037,6.758303133235401,140.30261081351415,5.46875,-0.021655689398538208,-0.14852399026073515,0.22272194720538793,1.220474559854089
interictal,0.01795172691345215,11.81009418427489,31556.173688467206,3.3239288481363385,68.29617991625564,1.5614283407389318,151.32781591711134,0.9765625,-0.10930015821218421,-1.0175923303742314,0.06789067659776152,3.1697774421125278,12.713181359606814,137020.73669990382,5.017825516249925,95.40203042336142,7.240586294672919,109.36478549556657,6.4453125,0.2249765635796657,-0.1749982657312863,0.22546871795305598,1.1748346744702218
preictal,0.10870862007141113,6.4027263754445745,24277.47613969515,3.0778879214927364,273.51980746071,1.2141808001559893,199.47885572986254,1.171875,0.1197719031210959,1.689282363665046,0.0640199857647018,4.3293951313504495,4.213477726955246,69858.86186767886,3.260277801925842,5339.556610420867,3.608982276662952,1391.824369621156,3.7109375,-0.6651813710255197,11.697093349287297,0.11382601732302826,1.4177566348876198
preictal,0.09677815437316895,6.920486681556034,41498.9439562328,3.669509994042742,364.38939572663395,2.1565675925919794,215.9863004273036,1.953125,0.80000612531201,1.3900905437701203,0.0812145137154378,2.10471444657056,14.79319068926187,162318.6576165836,5.107257383005029,103.92398985329139,8.141062661495488,94.32625230559842,8.3984375,-0.11521679426715445,0.3942327645219206,0.28280272634607706,1.1377255562533093
preictal,0.019948720932006836,13.880601989325072,37877.88814651855,3.868264581870563,35.50448525899034,1.903247656261731,98.58620397618783,1.3671875,1.5367278441556844,6.31684643608544,0.05249802171685793,2.2915963799188126,51.409087118495826,267073.82601329836,5.386968887084451,1.8802203775036601,14.20733976221216,11.839497832050967,16.2109375,-0.18605656074621002,16.735550913997237,0.4883972999257978,1.0388876180423603
preictal,0.022938966751098633,10.130934921586945,42855.28513444431,4.055977597426683,29.969375186990675,2.46621845343276,62.19975600347492,2.5390625,0.10342920877011494,-0.47751736300477665,0.07691691884423142,2.580494175789391,13.292797467595847,158553.26500302283,4.882968607102036,105.85652066779318,8.014302844414747,90.46016053737863,9.1796875,-0.10927413613058157,0.6012911261332068,0.2660898685249497,1.1323425569138748
preictal,0.10970425605773926,4.262545442166013,33007.9700365807,3.804179430196191,320.81868649751743,1.7558614686766807,217.64071611890327,1.3671875,0.707675682641975,3.368733513262659,0.06477324479471969,2.7711284745070404,13.333815243428692,180390.92409911111,5.004098789686866,168.50743339504186,9.108796953219976,175.70918643617745,7.421875,-0.029571933073662005,0.28969131375346624,0.300626288532597,1.1430429147459096
preictal,0.038896799087524414,11.789924053897149,44793.9951248837,4.122601643219155,70.5606236725963,2.236916927280781,84.4159969236613,2.1484375,0.43651643877632246,0.3012917988015116,0.07873935924462211,2.167043984225881,17.623213117725893,155517.6740551507,5.160114473950736,33.744788258512,7.999073432228364,54.72520987924361,8.203125,-0.014381113175001518,-0.43636665171359335,0.26610789489900605,1.1397570480313102
preictal,0.0797872543334961,30.412041133408348,34272.82734390059,3.9992949437824006,1.8473988730897657,2.1857077929294597,19.786955386159935,0.9765625,-0.334992867198264,-0.029155364594839472,0.08048014835582813,3.6158098081435748,3.0749495405291243,58899.27932254002,3.585571457895683,2693.7485290278355,2.978449474056262,727.5783293455402,2.9296875,0.12146821863491718,-0.8007717586782626,0.09872443156427693,1.4045284944330165
preictal,0.012964963912963867,14.099802418758872,45483.5379095102,3.9844909420619072,2.659164463967168,2.515800329257591,19.412204140538186,2.5390625,-0.14083418040524853,-0.22442905020444215,0.0777197029876086,1.7384465125253203,14.699445807590335,157955.60289566006,4.4469923595666385,35.23646297047896,8.126773847109112,66.45184554162259,9.375,-0.11628490045457984,-0.24202771820988156,0.26366456934382526,1.0594236236066943
preictal,0.3281216621398926,3.14647903516516,30862.547697182203,3.3426524772755366,375.1169201629651,1.4895908565563045,270.67891533895386,1.5625,0.6322282225921193,3.4911742841084026,0.05856392968894047,2.782321875988745,3.257277682636086,118113.03298227035,4.5536325808436375,347.03808975559946,6.292132270954326,238.97717171179423,5.2734375,0.2575976499662847,7.693261741041422,0.19682979206015053,1.1248073117062556
preictal,0.015957117080688477,13.207151899166105,47506.615504744695,4.157500807664664,3.358559275007727,2.82594494461068,17.756360711179603,1.953125,-0.4932984668782744,0.5324930570728035,0.07913907469379337,1.755659371227123,10.549606655309018,167670.76137060358,4.341363740879081,118.16499374152816,8.622255237085678,163.0064387689603,8.7890625,-0.044149628594696226,-0.3634234297381611,0.27682674354176173,1.0431970608218277
preictal,0.10072875022888184,2.2147176408337055,38207.0247437477,3.4996522275085375,10737.188724159578,2.0019946075274846,1597.457900517474,1.171875,0.5076603998333135,1.7120750476401625,0.07346433244632579,1.715382359478554,8.214240138718921,238736.1822953734,4.575389170144007,1590.9087192110942,12.344322106697941,608.0298972795398,12.109375,-0.07885388604040483,1.8779637438711836,0.400148815826623,1.0620326282786234
preictal,0.019944429397583008,12.312924668975404,50280.377707508065,4.191291737792948,10.236676552766918,2.82125966923793,40.408876609395826,1.953125,-0.46754528336632173,-0.14428104072040293,0.08707056590062634,1.6230264685715263,12.626702581706303,170579.46353798726,4.887767339418654,100.05115870557371,8.77465703330792,106.70580195242522,7.2265625,-0.10639560029270771,-0.3829178666371216,0.28696017372302923,1.0613056823416136
preictal,0.04288530349731445,4.300536128623131,39631.176568349845,4.165113449163545,2408.067144122828,2.0019695248743132,652.5866971153313,1.953125,0.5683292513124215,1.1226474204020365,0.07455431406340894,1.8344070663123389,10.467789351480887,233649.02007463502,5.12716301594511,419.0730217339093,12.244370062006638,250.6454497234441,13.4765625,-0.12059980051077707,0.7598501442942727,0.3812434843869068,1.0649606533853342
preictal,0.012964725494384766,10.725873716319525,42714.005519147504,3.7120871437754235,22.439275130776547,2.2380171254315955,85.91407879089458,1.7578125,-0.2382755259876068,-0.666933455805903,0.07731666935119359,1.7128154582955641,8.749256526592378,181489.34454568112,4.321785218471837,129.44805948740836,9.134403371045886,175.05967756804566,10.7421875,-0.020702558593078665,-0.6485974100746619,0.3007001430016258,1.0507850664527763
preictal,0.0857689380645752,0.44147529563360216,14613.46450717746,2.3461500873219294,590904.7624857443,0.7055531150189168,13905.87119018556,0.5859375,0.89265773987789,3.5386411220194587,0.027164715652830733,3.916014717172794,3.0666919058274194,110688.97099259357,4.028139002262069,2840.7944796424945,5.798426295901709,614.1359152493228,6.0546875,0.10785324982081829,6.195079112937087,0.18500683881323524,1.1506758491903373
preictal,0.3919520378112793,13.004612475854124,40894.08914305123,3.703829502565121,10.116887316226855,2.1110320976758796,50.76696326736443,1.953125,0.12339936425693757,0.21138887142851592,0.06905997261404986,2.0258565610434665,15.303146696267222,143371.99966651105,4.883865719546916,14.476962556207578,7.528138684273854,37.24844951175695,7.6171875,-0.16443420873584427,0.2922487338022681,0.24113752792806814,1.106406115351529
preictal,0.02592778205871582,2.9759522915928054,46601.03333329955,4.410009421307567,3266.476613252682,2.251463540543763,715.102517704664,1.953125,0.329635604729203,0.5620583483634798,0.08473200634529297,1.686346558480764,6.994914020745863,239449.4887732948,4.87156671456861,2423.4202691732658,12.490670956880958,732.1137025332871,13.4765625,-0.0708581958004813,1.5577056726234613,0.3891807307632021,1.0685207802170125
preictal,0.017951488494873047,3.5237875975696906,31229.274401773288,3.2943428433507314,1343.0061327913513,1.4954701450461227,429.4636002476615,1.5625,0.5954617864145053,3.2702625227834163,0.05791505703683556,2.8602705829938295,3.436526136399686,120043.68664484315,4.2665218929379645,3103.7544572646334,6.202843315748679,669.9305554937976,6.0546875,0.2079397061425007,7.537691368127334,0.19936474403358123,1.1180297943873783
preictal,0.118194580078125,13.333348808941773,44015.52709248628,3.5663581231881243,15.028223383978322,2.2861874088986616,70.96962724271508,1.953125,-0.14914595204549014,-0.2101060329492852,0.07798063053986014,1.7628043475877064,12.771636958533081,149550.25881108336,4.820917366715912,39.270196498162136,7.7289158629837695,71.40349089861424,7.2265625,-0.16223063636160778,-0.1772103400143865,0.25163490950210193,1.086649688927494
preictal,0.11469292640686035,17.68211967369991,39925.45274067157,3.0979627213136998,6.530598675388364,2.105890633426114,41.35761728718904,1.953125,-0.14712409097526735,-0.5426546690467973,0.07607579379699701,2.0307921147839796,14.75229967616717,150661.2914771273,4.481983238913624,38.58909700314823,7.729104284089714,92.90660930035486,7.6171875,-0.002085075092008426,-0.14216363508971108,0.2518422386917447,1.098270463576007
preictal,0.25232529640197754,14.903820360471716,26675.489976094184,3.1427767277411336,30.539730955984815,1.3786230168656715,103.00478354354276,0.78125,0.23664543677857108,-0.6403823117410132,0.0652244940326568,3.920579439262952,6.167469380710194,56951.217811382165,4.174243848724612,344.16189778938,3.121035484888077,289.8858259773579,2.34375,-0.07297175418198311,1.283527757074891,0.10404000788036376,1.5333726775226586
preictal,0.07579803466796875,32.807110552250016,36394.79790046925,3.2574351811809987,15.426500469490273,1.5161514049637408,65.23695454570169,0.78125,-0.7190374806990778,1.2719387338845989,0.08686238143699127,3.2501720896893334,5.9016473488322525,59086.862564918265,4.328624243427965,222.12672711106708,3.2004487794253276,168.30045158943273,2.34375,0.09925325718951056,1.4006074328923566,0.09638990944079746,1.5178923576687564
preictal,0.06283187866210938,32.94321423700207,37299.46991679748,4.089488341200054,0.24764876616502318,1.8765058608901302,5.4376969492784735,1.7578125,0.9541067671173378,3.220329656045111,0.06017065746271613,2.1885281128263547,37.290991580274046,159821.73372760988,4.830183122431646,0.6028628265539859,8.234099877618066,7.369275458916999,6.25,0.13532454378853911,0.20482160298557917,0.269362744031392,1.112326620925646
preictal,0.16455936431884766,5.569545794497858,31921.544411458297,3.1271485083633417,417.5396902125763,1.803275156625345,335.210581661471,1.5625,0.5700456898561068,0.27683766185415326,0.0677287410632192,3.242661046352327,15.042708200384608,206864.4602615961,4.813969073478653,96.99323111038647,10.563113258757879,172.74954912531152,9.9609375,-0.11776585035810871,2.751117076123479,0.3163016678696791,1.12383660389228
preictal,0.35413169860839844,18.680067815545705,35768.1954872488,3.4087781064151637,63.079494607024884,1.7267791382005784,113.9925287722984,0.9765625,-0.015741867194218728,-0.18620141582732286,0.0775075496800063,3.526705100952331,2.434173193638575,54918.91121374556,3.5817070950108327,13202.229327194227,2.877146138369195,1400.3376548386377,2.734375,0.09717307648841819,0.8187225416622144,0.09549429341208386,1.5413901914508137
preictal,0.10073041915893555,17.11619824146644,33407.862273307066,3.3502779613860514,45.012573887023294,1.6109420396439014,102.85377066792725,0.9765625,-0.29701665832915297,-0.552868814330918,0.08054946205695471,3.473556589094472,2.7015653178394587,55141.01680861791,3.733869422500297,3248.902219881295,2.7584862530956924,958.3334333485034,2.1484375,0.107124181554392,0.8397436438855261,0.09679064991849763,1.6024492793518994
preictal,0.15159320831298828,4.398194166565037,36321.345164662685,3.4951764185091805,769.170146895347,1.9528998598128708,361.80176974855686,2.1484375,-0.0792330106697663,0.7689040583345914,0.06947171888413665,1.5711487223234826,16.219261857997036,162937.85981742764,4.854228844623117,80.49236949927797,8.39458725539979,128.9194138364526,10.546875,-0.24165259410650863,1.287598183904426,0.26451637902598824,1.126802212235637
preictal,0.061833858489990234,19.656817723498953,26705.900524889992,3.240569197981636,24.678828608247084,1.3141777883855559,93.37620017265613,0.78125,0.9525990732940486,1.43455600197656,0.06156098209838461,4.482961337217233,5.488633614859654,56256.68090433658,4.317143489442199,189.8822228968702,3.2137971199781834,190.03872036706417,2.34375,-0.034137199164973125,1.1152769971811427,0.1010979729357323,1.6410125465139038
preictal,0.10471987724304199,27.470197077109948,34297.53588089504,3.1031735569350185,35.188453680244294,1.3716142331410417,105.04388255273115,0.78125,-0.31503136092393036,-0.3267924280078054,0.08643775188764123,3.29872234318815,3.9139899462988574,59162.45497594228,4.017768571487645,653.4333952350083,2.9723518146069807,302.5821025488537,2.5390625,0.07987704753133151,0.8778758295849953,0.09553985651900768,1.5776664269565823
preictal,0.19900298118591309,16.914684044767046,32549.855100200723,3.543201468174808,30.49825526807231,1.9705481062365555,103.55915938427319,0.78125,-0.34549583218506474,-0.12525009508915996,0.08087628207506367,3.480542791780718,2.996848909013635,57700.101493056296,3.5406722658715752,11639.559783576044,2.9341479882833013,1552.3985330328258,2.5390625,0.25572682398057217,1.7556851108694103,0.10199575480770377,1.5975882268457202
preictal,0.0967414379119873,24.968414489232597,36704.33123416736,3.665641592664183,26.77424381685843,1.856917990680346,91.22358158521003,0.9765625,0.2651574914520716,-0.26041062671026793,0.08651796810002599,3.546581469887804,2.7536154992266915,59988.59494500587,3.6295234426049885,9520.502218856034,3.0593431656651857,1501.8273876126755,2.5390625,0.26127703194439844,-0.8118525828675773,0.10215937166713984,1.5603277144000236
preictal,0.39095401763916016,12.62165215591563,32039.665462091143,3.5086955191282074,81.53206426354281,1.7045566484381305,141.36131174396445,0.9765625,-0.3145408579424009,-0.46168196672971273,0.0778628127941486,3.6577433294798705,3.616534977831332,66871.45969406312,3.965270066757214,5850.28912295567,3.4459999175044835,913.0709878721418,2.5390625,0.11774041806436723,-0.5286409703350663,0.11491042727273179,1.4077482957678367
preictal,0.07480001449584961,24.6625357332219,35907.14449543884,3.6194118609319093,0.3425025729234265,1.8497696785956281,6.106612806987864,1.953125,1.0755396830252437,4.9854756171567525,0.06323757507802574,2.2735005120924368,49.787705294764834,124241.36673831132,4.952837805915782,0.24454502105753023,6.534697567850587,6.830498082617809,5.859375,0.032089401795697546,-0.17722887510994356,0.21437198176573266,1.222148974121155
preictal,0.1515941619873047,26.00009953892283,20206.94139678876,3.295587822253718,9.014424667410514,0.9824540054235771,50.72208633971892,0.0,-4.526158387247949,21.186677974272126,0.03524349670798157,4.604818657318859,21.723942465630277,125625.35172385495,5.104957086181595,12.16855293691866,6.431070738774377,31.400843446635943,5.078125,-0.16403325011327902,16.515834685267208,0.1927480823116232,1.1646902796731409
preictal,0.135162353515625,9.199679824512971,43544.968210583735,4.06021523614513,105.76902763054285,2.314516885195959,107.14051339416976,0.78125,0.35446819091982146,0.6307888903995926,0.08019214476694099,1.888481822574967,8.418669482748179,200760.28869136408,4.470352147125171,432.6841509615917,10.377620748662595,237.5604339585937,10.9375,0.00229823889945617,-0.04202477805751936,0.3309262471957023,1.0571038147916523
preictal,0.1466071605682373,36.336047108316514,38360.82674079342,3.8528690977665336,0.9575982694275667,2.002134419606537,13.47628018671686,0.9765625,0.058162688625823224,0.24383279590070472,0.07573885222481688,2.374252516432596,20.546334907547436,146495.1000786099,4.46483557097605,9.26761435880061,7.591295472757921,48.716156608113096,7.6171875,-0.1273905411465586,-0.5892196557256284,0.24205288462429603,1.099205669711217
preictal,0.15358901023864746,13.689014598982308,39165.65386717435,3.8748535712350214,9.183390192618726,2.0521397543775466,33.53369081428028,1.7578125,-0.03553092754241275,0.2519415321720557,0.06587863430968963,1.881207928213078,14.500522343293868,128217.6612008229,4.638602060508232,25.029407479787388,6.530238616287607,50.91780320910481,7.421875,-0.23262343164716207,-0.07395058305960989,0.2120456844649723,1.097962449215911
preictal,0.016955137252807617,8.274055637583942,29060.711353418872,4.0727958145229595,51.43655573849411,1.6655419956024144,103.28033621584783,0.0,2.2123141110629025,5.957917026516801,0.03089883341362312,4.8868736939129604,9.707392196578278,169275.83403026414,4.510329699867307,102.52050796714919,8.559362249221552,136.50075197827115,8.59375,0.03943603098995334,-0.39472514724537744,0.26947067466450886,1.0739794680589132
preictal,0.02892136573791504,18.868113982793766,37209.50526378912,3.77954813535038,1.8049750026292637,1.8951977044284078,20.895892283401817,1.953125,-0.004589295976499309,1.512658397363018,0.05961536820101954,2.513078297991005,21.196207962644678,150762.38830469144,4.639766666783474,8.455967913570587,7.910165388427993,32.0604445449628,7.421875,0.024095721157045766,-0.38110649673756747,0.24456341553080152,1.0997381576674539
preictal,0.15558671951293945,11.096303008444753,39677.81223461246,3.591190059813352,7.708733075436483,2.194005678593929,38.758973148887115,2.34375,0.12597909829552972,-0.30378599033870435,0.06801264556687842,1.871700667000385,19.014923807201555,141133.65503713148,4.8322227827110025,12.322402494850841,7.1886094636104,35.901089106811256,7.6171875,-0.1438322957455671,0.056438397486632486,0.2377205342177124,1.1162560647114743
preictal,0.018950700759887695,18.114137379246845,37467.450231330775,3.8602341934250006,5.128722078780637,1.8611187006801042,35.66247158971277,1.3671875,-0.16682100334977357,-0.5594069500412284,0.06729425847617693,2.4030927051655144,16.341856864797073,147840.08830557636,4.576203877350881,24.172723844665196,7.700982105768221,66.32683478008501,9.5703125,-0.08999737275839213,-0.1049663197728048,0.2464714127897792,1.0931780280287613
preictal,0.10970664024353027,18.868113982793766,37209.50526378912,3.77954813535038,1.8049750026292637,1.8951977044284078,20.895892283401817,1.953125,-0.004589295976499309,1.512658397363018,0.05961536820101954,2.513078297991005,21.196207962644678,150762.38830469144,4.639766666783474,8.455967913570587,7.910165388427993,32.0604445449628,7.421875,0.024095721157045766,-0.38110649673756747,0.24456341553080152,1.0997381576674539
preictal,0.055849552154541016,11.096303008444753,39677.81223461246,3.591190059813352,7.708733075436483,2.194005678593929,38.758973148887115,2.34375,0.12597909829552972,-0.30378599033870435,0.06801264556687842,1.871700667000385,19.014923807201555,141133.65503713148,4.8322227827110025,12.322402494850841,7.1886094636104,35.901089106811256,7.6171875,-0.1438322957455671,0.056438397486632486,0.2377205342177124,1.1162560647114743
preictal,0.1436161994934082,5.418370529255102,27975.94903462336,3.2635240070964913,325.76852228772987,1.4688720928268766,283.4463975138259,1.171875,0.13816894793704823,-0.058892017740177494,0.05187048413863962,3.038366847057306,18.62575079843318,143645.63620813887,4.831127298094048,25.905052286621792,7.4048601655708595,65.5687834039622,9.5703125,0.042612646051385684,-0.16008315753283364,0.24251042142653928,1.1443463538438932
preictal,0.01795196533203125,21.815701254998846,40541.2898581189,3.3996051982427264,2.035044973635172,2.0056483795979734,20.9361088608115,1.5625,0.13250799484677195,-0.7228210840591545,0.06847214930341615,3.479831854152523,19.361952827849827,164061.3887901887,4.657239866783681,5.892962096612561,8.879685638504938,29.706934374036283,9.5703125,-0.013610067693244987,0.8444475578948585,0.26319861537821,1.1155279744185889
preictal,0.024933338165283203,4.295014637225572,42632.14469659618,3.69326300717788,226.24140252517253,2.2553604479490814,220.96088732377493,1.5625,0.4019561304749587,0.41803759617711433,0.0679629106917619,2.0994262924131943,8.118110242404239,159656.64325155347,4.425182951740755,589.1736811783584,8.281342502390066,350.8210822108273,8.984375,-0.18653566929975016,-0.07818342610805562,0.260454239030608,1.1093177743407507
preictal,0.05485343933105469,13.067443863356338,36033.438227642844,3.638004245906121,11.068120635575829,1.960709640780531,52.65984352294482,1.3671875,-0.013886614564663436,0.5295496893169358,0.06544293276186638,3.377657657451332,24.710628633195704,128631.20454428653,4.996113381776298,7.9532705717514265,6.473937643488199,24.658701501481254,9.375,0.000878783294285798,-0.0805757845105739,0.22388044297790685,1.2305531561572332
preictal,0.049868106842041016,11.611587599294575,23705.093503041404,2.750882385809775,66.02437597646764,1.4726091074930263,151.21504021061276,0.9765625,-0.07222768222313646,3.825119159253699,0.04482407999279591,4.744280399225781,14.36734974196348,77585.60939951033,4.749263368664198,57.04475532246813,4.038218365610271,89.58381482096368,4.1015625,-0.10318061495134283,3.659716965570855,0.10423930434971657,1.7235148527160034
preictal,0.011967897415161133,10.243192270671377,32586.54866199638,3.2335439265490895,58.32788224995971,1.6009371921694304,142.6827824409391,1.171875,0.1113637908152063,-0.5665057463108134,0.06281900328079187,3.0556111205929506,17.233799825000183,139953.3145749303,4.827476997704208,21.623124012518183,7.370499977440502,51.443005432539806,9.5703125,0.003581051932114294,-0.43762185292021627,0.2360435049526213,1.1381588091004937
preictal,0.010970354080200195,26.413369640241875,42608.764763829764,3.4178382203037234,1.9204882805549541,2.1012428523815663,18.035213407103452,1.953125,0.14786181516367575,-0.525058996594312,0.07348844326579669,3.3161740515353992,20.838951073766996,163144.32128151442,4.598821450149566,9.374175821135392,8.600865445777313,36.17800446515105,9.5703125,-0.015728341471556467,0.4124390225744392,0.2612341599454509,1.115253435237628
