Group,AM0,BM0,ent0,pow0,Cent0,pk0,freq0,skew0,kurt0,Hmob0,Hcomp0
S,2.358688079,2078557.721,6.697984322,45261441.72,8.865591746,43093.24577,3.560361328,-1.339537083,1.453263734,0.380582403,1.554013659
S,2.36494956,2119956.173,6.577214486,62727190.2,8.907779765,67931.42273,4.577607422,-0.669880595,0.256778144,0.401036259,1.521214093
S,3.130550784,2760466.479,6.860210944,14649102.58,11.91863008,20250.14044,14.91960938,-0.47364072,0.730382734,0.475728923,1.312903336
S,4.889584526,1763612.705,5.40740878,2115484.004,7.639655095,16661.82261,6.612099609,0.045962187,-0.690806264,0.307874607,1.610151984
S,2.21692446,1414161.393,6.027501844,23906406.78,6.134181589,60598.78966,5.086230469,-0.472014859,-0.704778475,0.263601103,1.971940705
S,6.315334246,1548926.216,5.806962319,514992.9477,6.87396284,8197.905282,6.103476563,0.243346569,-0.301414311,0.280263938,1.865272131
S,5.226104018,2387753.73,6.812824088,4500731.103,10.31428824,21567.68631,0.847705078,-0.703962079,2.734341984,0.481634996,1.727543641
S,1.434883689,1738413.233,4.544525658,167434459.9,7.432069748,194518.1845,6.612099609,0.261254372,-0.834266,0.287065134,1.439268562
S,2.398545425,1780740.844,5.23968838,48167254.18,7.562087606,75971.1428,5.594853516,0.826096704,0.212461997,0.313815402,1.627443824
S,2.076608233,3440867.865,6.83687555,72504511.67,14.82965001,65842.96708,16.78456055,-0.745140532,0.850231838,0.558170959,1.18774675
S,3.355469658,2501537.126,6.938831515,12460987.17,10.58813157,21967.88522,4.577607422,1.428225372,2.28195762,0.439535647,1.478503257
S,1.37231751,1580334.94,5.536152406,175842315,6.722650745,195614.2503,4.747148438,0.750779117,-0.590835688,0.279629123,1.708724812
S,1.650940498,2111930.252,5.513483797,231093089.1,9.190353435,147960.6545,5.594853516,0.186426332,-0.42107236,0.363367536,1.444349241
S,7.606684224,1415701.461,6.431132958,333625.6219,6.003426454,3490.772941,2.373574219,-0.886434494,1.465899123,0.289669325,2.15733387
S,3.517862993,998878.1433,5.544180509,6160419.228,4.38967824,31819.17043,1.017246094,0.290387911,-0.577887803,0.236736749,2.339970313
S,7.339813204,669553.6407,5.156964757,370151.1114,3.159474352,6969.010753,1.356328125,1.187260031,1.524554387,0.17404143,3.511737504
S,2.05444604,2107728.149,6.535156936,119943708.6,8.948653849,114434.5799,4.577607422,-0.738073966,0.247886842,0.399984025,1.613107332
S,6.296847055,1322038.886,6.180007368,960654.6096,6.108737249,10360.3343,1.017246094,0.236477122,0.758849944,0.31840238,2.160578424
S,1.885120512,1564939.919,6.096373347,66460468.94,6.691523206,75865.28859,3.560361328,0.507154603,-0.003012686,0.287181973,1.652287317
S,4.82990816,2015027.44,5.463249717,5128934.055,8.720366246,26614.14378,6.612099609,0.450187187,-0.143807184,0.357857956,1.641657257
S,7.25989841,1349710.45,6.163180871,378478.5373,5.83841195,5001.96545,2.034492188,1.105395483,0.793393287,0.277518329,2.188080632
S,5.272658262,2125146.061,6.609117053,1399635.123,8.985463942,10497.00834,4.238525391,-0.993867208,0.855325015,0.380911676,1.518884124
S,4.655948522,1827464.912,6.403941906,2615273.353,7.88157386,14102.84627,4.238525391,-0.923745434,0.279061748,0.342117026,1.656730061
S,3.032924552,1844685.126,6.519614157,7132991.152,7.878140702,17996.07218,4.916689453,-0.055603796,-0.037437333,0.332491028,1.635704241
S,2.878565697,1476034.064,6.153365331,31433429.23,6.08464212,62829.55114,2.034492188,-0.753377417,0.226573152,0.296008523,2.017009698
S,2.568244883,1720242.004,4.896151583,11310235.25,7.441993261,48478.55966,6.442558594,0.19358695,-0.709292773,0.286441908,1.4678555
S,2.055427749,2412322.628,6.685014627,68494797.2,10.31890947,66398.8837,3.899443359,-0.793991441,0.287826168,0.423035918,1.390402196
S,1.586888639,1375008.116,5.586651589,126781497.3,5.879328249,110755.8779,3.899443359,0.533700212,-0.453129603,0.254785342,1.932135702
S,5.437579702,1171826.106,5.670718254,2717008.949,4.83669471,16951.37024,2.034492188,0.241178169,0.573657415,0.286152864,2.330041643
S,2.133478084,2458844.278,6.77962565,42078539.97,10.46927162,34897.46963,10.68108398,-0.007249982,0.644807664,0.421473516,1.421342408
S,2.714529791,1702715.028,4.89595484,30677554.68,7.404309016,55902.39364,6.103476563,0.555624942,-1.044491094,0.300169506,1.895723324
S,7.342063778,1290478.065,6.165001394,195098.2211,5.49981005,4528.714674,2.204033203,1.10275083,1.636880999,0.265562175,2.058876313
S,1.616933794,1297853.669,5.678913795,36114856.33,5.731070548,72560.09371,5.086230469,-0.752630911,-0.44545077,0.226674796,1.798134199
S,3.14425932,2221702.314,6.829314733,15855177.54,9.532607513,29079.72905,3.899443359,1.096590092,1.462743445,0.409975945,1.596767783
S,2.019650214,2739417.12,6.529115142,75567610.13,11.70575384,56492.34293,14.91960938,-0.446032082,-0.330078683,0.46639784,1.281200479
S,3.255298843,1629082.061,5.29151454,5280071.688,7.038558522,32851.36502,6.103476563,-0.024391421,-0.286716109,0.275662079,1.493670589
S,1.961195629,2405005.008,6.84701136,91739712.05,10.32881128,51944.38106,3.560361328,-1.249317267,1.245186421,0.425449671,1.425749297
S,4.741867832,1305089.961,6.301948354,1024185.439,5.73301084,7934.190418,1.695410156,0.832235279,1.852895069,0.263069655,1.864435366
S,6.923723863,1681671.361,5.036612563,485562.014,7.258118935,6709.113723,6.612099609,0.303577185,-0.988931195,0.292659528,1.649959967
S,4.34206603,999533.6359,5.341505514,5557555.211,4.432549589,26385.12613,2.204033203,0.372407626,-0.692984099,0.25307176,2.717195206
S,2.536441639,1665201.619,6.16936549,88223778.49,6.93223007,129777.2455,2.034492188,-0.650449984,-0.2563834,0.347376537,1.877982275
S,2.63761745,1896192.156,5.648828962,27000525.36,8.241079315,53710.56395,6.612099609,-0.617770662,-0.458763219,0.325193285,1.576588453
S,6.738612912,1389417.139,5.879658355,304405.5411,6.022683587,7226.024616,4.747148438,-0.147597776,-0.129379357,0.255599513,1.911712
S,1.956995129,1529337.837,5.865816424,44762449.85,6.57341894,62497.16939,3.899443359,0.573349909,-0.215651932,0.27577425,1.657145411
S,4.54028779,865764.7609,5.26412852,5554899.305,3.951515122,30468.84365,1.356328125,0.883706577,0.43913114,0.227583816,2.845359496
S,3.020968231,1724359.602,6.129629247,8639687.775,7.403491661,26046.29859,4.408066406,0.768642388,0.509582959,0.305838443,1.588261028
S,2.015242173,3113042.816,6.896849716,91566577.12,13.3520647,64366.85888,16.78456055,-1.143346211,1.227680333,0.522057301,1.249184355
S,2.995019323,1532639.236,5.837927257,7129656.011,6.546753297,26812.42658,4.577607422,0.873547074,0.369864654,0.272802402,1.746883266
S,2.180901505,2497444.75,6.868312464,49952476.38,10.65211673,44262.32868,9.833378906,-0.727345621,0.97424794,0.436532469,1.459644245
S,2.841707948,1929532.561,5.64056654,15202465.41,8.349805494,49949.34233,6.442558594,0.698778282,-0.158643387,0.327273273,1.478254668
S,8.817334278,1453649.821,6.414846846,263244.5358,6.47354799,4646.385696,2.373574219,-1.222914932,2.699977975,0.294033438,2.240194044
S,4.707033465,2639611.834,6.943801476,3052015.365,11.29156298,10813.81979,3.560361328,-0.122343295,0.733598771,0.472482648,1.419146143
S,4.506669988,1317844.023,6.047048548,5907441.508,5.603912034,24992.77688,2.034492188,0.115036042,0.904584716,0.297206655,2.186698863
S,3.435299732,2155481.105,5.761321027,7395872.168,9.368871768,22634.68911,6.612099609,-0.23606309,-0.248309307,0.364660348,1.316801789
S,5.265501771,1302169.115,5.8388046,1051556.156,5.519331339,15137.69377,4.747148438,-0.299914632,-0.288748911,0.248956672,2.021074822
S,5.991617082,1512267.029,6.409846587,754244.9789,6.531913143,6964.576204,2.204033203,2.254535322,6.672436838,0.295479493,1.895683949
S,2.629682363,1793818.335,5.474596029,14650461.27,7.759956946,38268.77617,6.612099609,-0.660455591,-0.650480492,0.303783066,1.519273383
S,2.90587502,1437821.307,5.971489797,17972771.13,6.154050556,43076.41925,3.390820313,1.010954754,0.756564453,0.274309187,1.897767079
S,1.310180521,1535342.839,6.044678472,226488608.3,6.622290076,118916.5961,3.729902344,0.449195779,-0.425641169,0.279651082,1.715980634
S,2.399434604,1524078.674,6.311420352,88958827.13,6.787753378,97733.29032,2.034492188,-1.579716716,2.584232129,0.322824376,1.846916101
S,3.842744135,2413147.646,5.55319667,8447265.034,10.5328464,29058.85565,13.22419922,0.298706239,-0.454444467,0.417445752,1.411433751
S,3.224638886,1634870.766,6.399182568,8651536.56,7.084697913,23941.41308,5.255771484,0.491626828,0.024975367,0.309083931,1.87394415
S,6.082837696,1790689.935,5.964246914,498832.2783,7.810354271,7658.788231,6.103476563,-0.019009183,0.605925287,0.308815099,1.558340928
S,7.44818402,1507604.929,6.46407024,315987.5814,6.239488508,3139.178864,6.273017578,-0.924097188,1.422552079,0.299322133,1.963831805
S,1.83204621,1043866.869,5.982147386,29151655.12,4.725092522,43813.02823,3.560361328,1.744969263,5.220265779,0.217453404,2.354512172
S,2.664315826,1501161.832,6.092997322,11218747.05,6.554520441,40216.89406,5.086230469,-0.348827495,-0.546002441,0.277606106,1.918999873
S,1.740924945,1739403.293,6.156949823,108599374.8,7.569707368,140804.3912,4.916689453,-0.917185795,0.550520954,0.314875512,1.662088312
S,1.922015876,2419573.423,6.782046937,88356378.5,10.51906445,71144.62743,9.833378906,-1.037925455,1.235170388,0.424355257,1.443928962
S,4.430033721,1400342.171,6.171095758,5481463.117,5.987146349,24074.87619,2.034492188,0.265449919,0.775679636,0.314347239,2.081796923
S,3.222805498,1641824.448,4.713221682,7084433.124,7.140255477,39972.61328,6.273017578,0.425813674,-0.473967382,0.277875321,1.588315979
S,5.340697935,1015635.645,5.858821498,953607.2838,4.818005378,10452.10879,1.017246094,0.385763835,0.359656049,0.237151524,2.531251209
S,3.689112732,1862285.603,5.183093564,16650826.37,7.966449958,53701.75338,6.612099609,0.359915205,-0.998768218,0.33266871,1.735567512
S,2.401298641,1368347.932,6.037369007,17869109.91,5.816167887,33784.75516,3.390820313,0.852614755,0.818063149,0.255358958,1.817080027
S,7.979210212,1379482.051,6.105145008,317005.4006,6.237032842,6754.894574,1.017246094,-0.396576228,-0.225480997,0.326098952,2.151281426
S,3.188781658,1634623.586,5.229733749,6674035.345,7.045769374,36516.02019,6.103476563,-0.203944294,-0.515304125,0.27746237,1.534072488
S,2.468563903,2789012.751,6.891395657,44425372.03,12.02642032,35588.49935,14.91960938,-0.865442364,1.014922691,0.47617518,1.317746098
S,8.334734628,1567117.105,6.510768172,155832.4178,6.4788939,2209.718414,6.273017578,-0.876160041,1.519287335,0.300534308,1.837285353
S,7.736394782,1858458.299,6.659451587,246243.6342,8.038878166,3252.259664,5.933935547,-0.594976696,0.696645868,0.356211883,1.704974691
S,1.841145676,1997066.85,5.923888413,166240966.4,8.677171391,189628.6303,5.255771484,0.316243364,-0.052833631,0.352320408,1.497761276
S,1.139706948,1742558.584,4.885040489,354451392.1,7.50878418,212893.1554,6.612099609,-0.259552924,-0.966457865,0.290112939,1.424427154
S,2.438679966,1434964.949,5.846780198,108615260.8,6.056697523,144070.6055,2.71265625,-1.060443262,0.795451674,0.301414602,2.067963787
S,1.864769885,1865838.855,5.273985454,93912777.92,8.077310317,104391.2197,5.594853516,0.252580251,-0.430859043,0.318345967,1.511265821
S,11.68765719,2220734.531,6.357604648,115312.0023,9.746963858,3110.74054,6.612099609,-0.55036141,0.167769721,0.397912911,1.532329582
S,6.104683433,840679.8619,5.481486084,1178296.694,3.828616653,13331.42987,1.356328125,-0.610637787,0.84173444,0.222910796,3.046791424
S,2.727954929,2508879.41,6.836592949,30053563.53,10.74087058,33487.15053,3.729902344,-1.367919888,1.684324209,0.443429618,1.419792849
S,7.014128423,2797195.436,6.994754037,715366.864,12.28824019,4947.957571,6.951181641,0.074564827,0.503158575,0.48565437,1.414296042
S,1.5424395,1288158.807,5.682477616,44420309.82,5.692960501,77659.2792,5.086230469,-0.864367444,-0.103367081,0.224887794,1.795259107
S,3.624072956,1650878.374,5.394626522,4162274.681,7.130853036,26324.72556,6.103476563,-0.421198582,-0.591607983,0.281589337,1.577061133
S,4.914776275,951723.3077,5.254944611,4147733.098,3.971101489,22333.25762,2.204033203,0.277831061,-0.247755635,0.244978924,2.729936144
S,4.765503453,2512941.916,7.026779449,3682108.693,10.89846347,9173.161069,2.71265625,-0.012363174,0.616097826,0.45235028,1.494277296
S,2.350847814,1736889.516,5.826682044,73475890.21,7.616317962,106706.692,5.255771484,-0.381628689,-0.014444031,0.321809379,1.874070063
S,3.727312317,1657808.736,6.324530837,6650054.213,6.928102316,25871.13062,3.390820313,0.523896307,0.076238739,0.315393673,1.762808094
S,2.329091506,1502079.339,6.299383829,93580902.1,6.625778258,106734.3794,2.034492188,-1.371772909,1.407724034,0.31919876,1.923366272
S,2.750176287,1875085.652,5.636801003,19289899.5,8.154112707,43063.79194,6.612099609,-0.668816266,-0.463627952,0.320415717,1.543919264
S,3.91891124,2091309.472,5.692271463,6134905.176,9.06994847,24136.77428,6.612099609,-0.103748935,-0.488291295,0.35783977,1.48364015
S,7.1980054,1639926.4,5.939406597,287291.2067,7.176624751,6119.509103,6.103476563,0.152443538,0.378113005,0.29276077,1.660460584
S,1.078042058,1716753.478,4.972248148,413994434.4,7.403809049,189434.4978,6.103476563,-0.482475156,-0.866557658,0.288080829,1.456180938
S,2.65397559,1883890.585,5.473882343,17565618.31,8.135286293,45170.37747,6.612099609,-0.518763649,-0.621861547,0.318581427,1.441598241
S,2.88519889,2388423.167,6.710821191,21189415.06,10.42680045,39126.63638,9.494296875,1.350575638,1.317421157,0.418481691,1.464652511
S,3.060272995,1691907.907,5.581942522,13298157.44,7.205143235,40288.41033,5.764394531,0.219020789,-0.285127037,0.298788001,1.656078332
F,27.66845783,753544.4461,5.42247724,1873.145018,3.22097889,509.1667775,0.678164063,0.084743772,-0.181107751,0.190870511,3.252635882
F,4.036842415,532145.5862,4.846383293,1589247.366,2.262204251,14266.29859,0.508623047,2.183655241,8.927294106,0.142526017,3.255350019
F,11.53350653,928169.7311,5.230645985,111703.4768,4.207831593,5150.697291,1.525869141,0.050259882,-0.25170384,0.209264876,2.466074506
F,17.17348021,865830.6229,5.718628692,3596.625545,3.785714527,533.3518224,1.525869141,-0.140926342,0.338069074,0.183888763,2.677135076
F,10.77849122,1194399.826,6.165958659,72584.97261,5.181087838,2115.360961,1.356328125,0.318654997,0.95812582,0.262161769,2.345604749
F,31.60815515,1045543.734,5.589041795,644.920512,4.508045217,332.7087773,5.086230469,-0.08812387,0.079073489,0.210067558,2.45911125
F,26.09137526,1205228.903,6.286086107,2823.850658,5.332137745,361.0161838,1.186787109,0.093716898,0.920807043,0.26391418,2.420148067
F,5.570347362,613657.9999,5.243790863,282269.1635,2.70746529,5170.435781,0.678164063,2.360850498,10.8605931,0.147214618,2.838796548
F,1.243843234,630113.2048,5.170059158,119241350.1,2.745144763,139651.1228,0.678164063,2.881006228,8.949868828,0.144325445,2.853577779
F,4.23062641,560516.1027,5.070817021,1097178.051,2.460149102,10564.83937,0.508623047,2.214438705,8.893741203,0.144572411,3.41433489
F,9.374135558,838635.7085,4.681615333,58820.63199,3.576873896,3405.71241,2.204033203,-0.729257527,0.729864652,0.166828085,2.711474726
F,15.63628866,1017827.215,5.749562263,5872.669805,4.337822869,634.0568618,4.238525391,-0.070176689,0.236353846,0.201824374,2.429224429
F,32.77366712,1070974.822,6.04413745,475.7979868,4.698295966,146.506003,1.356328125,-0.270436507,0.163068554,0.224539369,2.407269839
F,23.77363095,1016670.72,5.883370102,974.2083651,4.562576694,205.3277389,1.186787109,-0.092159477,-0.03212527,0.206204761,2.347625347
F,22.81779255,967191.4024,5.439390946,1973.677239,4.098432761,554.4172794,5.086230469,-0.34879775,0.161179255,0.19468728,2.408790339
F,17.81046725,1120673.526,6.080303997,11088.03188,4.985729196,824.7832581,1.864951172,-0.030048851,0.385694538,0.243778643,2.565210704
F,16.29527379,1138139.255,5.643986256,3282.70374,4.937759071,639.1020567,7.798886719,-0.258141428,-0.228671934,0.209691979,1.723714019
F,12.6496993,1398596.015,6.014628596,25743.02555,5.989499967,1399.45972,7.968427734,-0.10913022,0.469248072,0.26293196,1.898881557
F,22.61644291,1203671.034,5.855050258,2162.349501,5.128784752,424.0307397,4.577607422,-1.083353347,3.969940155,0.231691865,2.203311994
F,18.94780671,723196.0317,5.509339398,3953.926965,3.170304964,635.2460653,0.508623047,0.568083964,3.257609993,0.171060291,3.029222022
F,6.191296116,1050238.89,6.193936756,471508.4935,4.935474229,6104.658608,0.169541016,-0.49790063,2.032362945,0.248467025,2.515879822
F,10.54876107,779278.8138,4.880455008,116748.2271,3.56053077,5223.252483,1.525869141,0.065347781,-0.268196515,0.184378076,2.880262997
F,11.5224273,1439207.351,5.795183071,35903.85049,6.144551672,1842.296523,7.968427734,-0.087261051,0.480050128,0.262530591,1.728325398
F,10.99803668,1076695.144,5.989967631,50774.73615,4.639847031,1843.824122,1.525869141,-0.141424063,0.085583026,0.231182804,2.560681567
F,7.715088953,874236.2022,5.676348974,144323.0059,3.681766886,3361.218734,1.864951172,-0.056851988,0.346711533,0.186610359,2.773326639
F,39.87376608,974223.2533,5.80629041,360.4190228,4.235980036,158.3196506,2.882197266,-0.032221608,0.902227217,0.218359471,2.763592997
F,11.31119415,623832.5904,5.032783601,56314.02999,2.660988512,3263.293037,0.678164063,0.0687218,0.418615013,0.164422605,4.200933429
F,17.57339729,1020119.572,5.632223302,5723.220598,4.337111291,766.7158491,2.543115234,-0.565705727,0.522667594,0.205304623,2.549485636
F,5.142703795,504673.9963,4.742753259,616093.1362,2.176518953,9520.630459,0.508623047,1.952069796,8.139080939,0.13738128,3.314391265
F,4.470615624,623332.44,5.045238036,1702513.231,2.749521325,17452.50816,0.678164063,2.307069025,6.701078666,0.159609012,3.228143723
F,11.58165546,1349600.411,6.368187699,83894.93083,5.901937595,2550.390246,1.356328125,0.294904589,1.385438712,0.297077202,2.250145475
F,10.82385325,873575.3933,5.871549965,74850.39425,4.342015048,3172.301009,0.508623047,-0.576383895,1.773999593,0.226193557,2.686813917
F,15.34032646,1073507.886,5.840517328,5595.707272,4.54051522,652.6062619,4.408066406,-0.216179582,0.400927223,0.208635393,2.184061573
F,31.13037505,1041698.839,5.982118758,466.4587398,4.607777393,165.307298,1.356328125,-0.122381765,-0.044032158,0.21313623,2.422756892
F,14.09354652,1175490.069,5.572127889,5630.209793,5.048913221,912.1919702,7.798886719,-0.279399755,-0.236152288,0.213185735,1.602271207
F,17.51274266,832786.7321,5.46654092,4527.786629,3.500394831,735.7912958,1.186787109,-0.216587017,0.279599518,0.180327516,2.260420402
F,20.72155253,1378064.936,6.002467462,7533.650221,6.051675476,633.5413551,0.847705078,-0.024999533,0.379181217,0.28173417,2.097938062
F,13.31235853,866241.4571,5.749746623,16225.60492,3.64296323,1338.818159,0.678164063,-0.133425851,-0.141821198,0.187194059,2.680222375
F,8.127236406,622936.8826,5.131933304,42108.37631,2.705670102,2049.038397,1.356328125,0.080841642,0.234230218,0.132986839,3.3455838
F,28.52576771,887047.2219,5.739732366,1926.604736,3.85594178,465.4321124,0.678164063,0.020866465,-0.050439633,0.216293435,2.687660814
F,6.361780591,572732.5924,5.114910624,98279.17759,2.397701711,2549.77212,0.678164063,-1.737168137,11.50983089,0.133696704,3.13330985
F,31.88387949,901530.0001,5.857533438,815.6390763,4.003696528,273.7357177,0.847705078,0.041623691,0.176448306,0.212931817,2.732647374
F,11.42049973,1493898.418,5.652992425,39188.39382,6.407913452,1914.920885,7.968427734,-0.11246686,0.080610124,0.269101122,1.664499495
F,12.49597347,1032300.66,5.801567597,12162.21053,4.491707051,877.7496605,4.238525391,-0.200082163,0.223038135,0.204382015,2.471894393
F,21.19474543,1064349.424,5.994798481,8444.843147,4.59871246,909.057806,1.017246094,0.18973323,0.223939365,0.247441273,2.414433407
F,21.50996595,1235241.768,5.924381456,10078.11335,5.26544034,938.3381603,1.186787109,0.066651078,0.111075261,0.267813585,2.095708359
F,16.00869684,1109919.823,6.041420995,16140.9917,4.912965333,931.345325,1.864951172,-0.049118195,0.089188058,0.247356739,2.575928075
F,13.0818596,1038747.837,5.933832164,26535.88507,4.588165483,1260.107523,3.390820313,-0.09124561,-0.028525307,0.229513268,2.657400546
F,16.61332987,748291.676,5.455260147,6452.084985,3.224487476,795.2272622,1.186787109,0.206814207,0.537655731,0.186979028,2.908746123
F,6.949543241,523660.4211,4.893791518,81456.57376,2.162444217,2914.404437,0.847705078,-0.299746132,1.17960158,0.122325918,3.608786171
F,11.31783543,977583.3273,5.390001107,103023.8521,4.537866015,4841.82971,1.525869141,-0.037143112,-0.314343282,0.218431829,2.351380964
F,15.9839707,820076.8692,5.690853174,3936.676836,3.606850093,453.7993995,1.525869141,-0.021104442,1.416914708,0.172999987,2.828563359
F,12.05069751,565559.1455,5.046089493,17901.80287,2.418965983,1186.89816,1.186787109,-0.0626254,0.568682916,0.138009893,3.834550714
F,11.49730234,1414221.108,5.905266824,33245.69872,6.05086476,1694.22523,7.968427734,-0.108768144,0.497163221,0.264254762,1.794766226
F,12.34759866,881473.2573,5.733843636,24249.91524,3.743550698,1322.776012,1.525869141,-0.055627131,0.46121237,0.19641965,2.678668889
F,20.79655111,1004278.056,5.676175089,5771.693191,4.440809833,910.9669885,2.882197266,-0.054043119,-0.269463546,0.231681676,2.576349607
F,10.35539902,577286.7723,5.062572723,20124.74936,2.487068128,1365.325856,1.356328125,0.029196471,0.552613127,0.133185445,3.616246908
F,20.04620063,1098628.535,5.747031668,1913.715348,4.832260073,421.9208703,7.798886719,-0.209872506,-0.230205963,0.211347491,2.040441446
F,13.38863516,780720.257,5.565224056,7741.366127,3.407877913,831.2121423,1.525869141,0.022620024,0.569966881,0.166465669,2.708005547
F,2.166509901,746389.7582,5.476986088,23725987.78,3.27089533,56003.21436,1.695410156,0.177841632,-0.062818133,0.180462901,3.072214445
F,6.733706256,693628.8336,5.255341929,338193.7311,2.838462692,6896.348702,0.508623047,-0.064703454,0.666657891,0.1802458,3.326459703
F,8.381387378,592966.307,5.094482283,48114.70233,2.452400415,2298.490769,0.847705078,-0.241106847,0.999532014,0.134753719,3.248849404
F,16.67738168,792059.5833,5.59583483,9008.102317,3.452828455,838.3007784,0.508623047,1.133127503,2.782016471,0.187619954,2.734219807
F,9.503000208,770823.9009,5.620055966,44227.07397,3.639183535,1974.839288,2.034492188,-0.382220403,2.010393875,0.198996213,2.885531391
F,18.97663098,1418149.416,6.382311551,7569.636195,6.335744547,643.296754,0.847705078,-0.015970465,0.438488472,0.290415741,2.070460266
F,9.767264103,835799.1232,4.67802827,45349.31562,3.583600729,3033.060753,2.204033203,-0.953236747,1.116135229,0.161020461,2.610967071
F,12.30288605,732555.3507,5.485034925,12750.20407,3.201418694,1086.984685,1.525869141,0.000196744,0.565294106,0.162015051,2.881541761
F,19.8809525,1025311.185,5.823108236,1949.782417,4.601476849,310.2592133,7.798886719,-0.058268806,-0.058053249,0.205705704,2.296662159
F,26.59519056,897174.3101,5.696482337,1051.769709,3.688493343,260.7428842,1.186787109,0.078725487,0.737052452,0.19673266,2.548796011
F,8.854930257,919201.6704,5.473420496,499260.2735,3.961743768,9227.807319,0.678164063,1.547802858,4.017319905,0.229129336,2.678852664
F,29.51597607,983035.3813,5.594352568,869.9289726,4.210602012,358.2629967,5.086230469,-0.188321567,0.243810113,0.205026034,2.60310078
F,31.54554709,1011468.022,5.898883522,1334.178062,4.100083971,321.5216288,1.356328125,0.824110548,5.63343644,0.238513611,2.585073808
F,3.047065705,708436.0155,5.424525197,2703107.733,3.076024865,15646.53481,1.695410156,0.220112167,0.284620408,0.157897623,3.129497302
F,13.71956391,1182357.898,6.191068471,25715.57069,5.26117884,1282.712674,1.017246094,0.021365208,0.071400005,0.256330282,2.340452526
F,31.93517969,1146769.041,5.519756231,870.5075066,4.876874538,429.6489894,5.086230469,-0.122976998,-0.195702286,0.223301833,2.339573754
F,3.03767535,708654.4223,5.318218163,7726705.108,3.102305584,28679.74901,0.678164063,2.659477136,7.815381997,0.178803009,2.978141787
F,19.66087802,1381500.199,6.391054991,6381.448945,6.23854634,573.5969762,0.847705078,0.009680261,0.27242155,0.28890461,2.088295075
F,21.87478915,1229315.922,6.011598679,8389.251496,5.24843443,867.0806117,1.186787109,0.034731865,0.302915588,0.266900959,2.154221633
F,11.20085518,562197.1781,4.869021654,31990.26326,2.397929882,2567.273984,0.678164063,0.032089568,0.510826826,0.141678839,4.207905695
F,21.90969127,1474335.349,6.172792943,5466.82224,6.601558159,595.7091837,1.525869141,-0.15136742,0.220922175,0.2929392,2.030724703
F,31.54790957,1202373.52,5.460145213,1126.726064,5.187221284,513.7655313,5.086230469,-0.036740832,-0.021783937,0.232743209,2.350993041
F,7.220966133,599368.3074,4.155431555,248684.8469,2.633894456,7745.731278,1.525869141,0.318765959,-0.3767028,0.137234442,3.594414706
F,32.88211453,995046.9038,5.665038117,728.5932624,4.223732765,270.2511443,5.086230469,-0.100156542,-0.243623101,0.214185952,2.632205984
F,16.88821055,844995.7223,5.615297475,11676.875,3.530445304,1345.360265,0.678164063,-0.112219754,0.174879589,0.195213652,2.844491841
F,48.25287174,1431764.328,6.224949178,191.5480486,6.110017401,122.7060422,4.916689453,-0.055712103,0.128020352,0.281246358,2.172066389
F,4.721281518,671310.6403,5.401648808,898735.7533,3.068282284,7913.488602,0.508623047,-0.099725001,1.071352692,0.176141833,3.380331187
F,27.84179831,849486.9109,5.359998381,834.8969392,3.596985357,359.5690146,2.204033203,-0.472021453,0.381489174,0.18368876,2.855382808
F,39.76336203,1213284.862,5.913648657,350.0754539,5.178635402,214.5500945,5.086230469,0.014316041,-0.267660996,0.242990037,2.33122206
F,15.20039903,1161708.078,6.166889916,18232.93161,5.011083235,940.044231,3.051738281,0.034850146,0.968688942,0.249950712,2.374993448
F,7.093345071,703845.1282,5.464823611,72746.54621,3.038851712,1852.374364,1.525869141,0.390085692,0.757373514,0.15514663,2.833607478
F,7.848238169,885545.2241,5.748092753,103164.2182,3.874693548,2390.949771,1.186787109,-0.061655849,-0.132179417,0.19000678,2.805473591
F,10.61904568,1090355.359,5.726297275,36863.13255,4.697319663,2396.55556,2.373574219,-0.840127466,2.402511216,0.211810285,2.137995555
F,25.69305304,663832.646,5.183038993,3031.881752,2.871600226,771.1036096,0.678164063,0.045473379,-0.006036535,0.180635196,3.669030853
F,18.72809249,1124180.341,5.872074117,6365.894507,4.87823123,765.2871178,4.577607422,-0.405076974,0.528055267,0.23283937,2.55199138
F,11.35286543,640110.5764,5.028478981,60678.12118,2.727098558,3359.586752,0.678164063,0.069681123,0.513141673,0.168484549,3.941825651
F,13.66118149,1091721.855,6.026334104,30014.13113,4.642244258,1251.006093,2.71265625,0.031760226,0.623614169,0.238071979,2.501283268
F,12.60562183,1151697.283,6.116764018,35453.4461,5.061385434,1376.248772,1.017246094,-0.00810958,-0.029339578,0.250719431,2.436948941
F,7.173382698,792009.3082,5.457119487,95358.81399,3.462757281,3673.306285,2.373574219,-1.952887928,7.597264554,0.163564223,2.693455666
F,27.7746703,1048585.362,5.94540861,559.6504621,4.610813464,171.3695797,1.186787109,-0.097429311,-0.035665647,0.211451029,2.324642767
F,24.78077132,983103.8351,5.941890581,1092.467824,4.289592828,307.8761922,1.525869141,-0.361991577,0.341725521,0.208489135,2.4520101
Z,27.50278447,1547938.576,6.48351835,4034.707048,6.74245191,624.6269239,0.339082031,-0.182627571,0.54216329,0.32715369,1.91835304
Z,25.25444053,2000907.92,6.833607176,4376.818121,8.603164331,534.4900147,0.678164063,-0.092547562,0.629787624,0.381233563,1.68797096
Z,25.0052388,1551686.232,6.286536464,7005.134465,6.316826285,895.5757067,0.508623047,-0.003878546,0.159985907,0.327385104,1.878268046
Z,30.03601193,2281019.505,7.00931047,3649.767849,9.730371732,460.3397078,0.508623047,0.061438256,0.195956017,0.445074424,1.652083105
Z,28.09553902,1633791.218,6.39020512,5265.086982,7.200068068,701.8685304,0.678164063,0.144494436,0.400847103,0.344709882,1.867757627
Z,27.53884155,1710557.768,6.732004654,2940.296884,8.198780879,549.2260223,0.339082031,0.002691563,0.187889554,0.354227535,1.8875438
Z,29.00863243,2118065.516,6.970553558,3173.273147,9.429593674,369.8748005,2.034492188,0.003878206,0.168677353,0.411567665,1.710680406
Z,42.75116324,1911086.398,6.710093471,1012.989387,8.330012343,253.1744729,0.339082031,-0.024072976,0.159297098,0.381989662,1.76407628
Z,36.31571951,1160722.001,6.184180565,1466.869981,5.128479474,381.1934878,0.678164063,-0.00311856,-0.018050816,0.283683027,2.476438141
Z,23.70203639,942454.7567,5.50466688,13662.99767,3.860437508,1457.621478,0.339082031,0.203387647,0.310605089,0.252079823,2.544374697
Z,29.49750172,1332752.314,6.31759835,2879.261705,5.580576269,601.8603619,0.678164063,-0.121370089,0.286672062,0.290298575,2.298077153
Z,25.7851853,1230339.205,6.181867215,3316.716904,5.199891504,549.8635719,1.017246094,-0.092429538,0.50244477,0.270866302,2.312919604
Z,30.8717177,1287209.862,6.344830841,1231.435536,5.558711457,264.4524732,1.356328125,0.005083956,-0.06948845,0.277130328,2.234614292
Z,23.64856644,1000728.813,5.937802867,6149.520304,4.588417239,750.8331915,0.678164063,0.055450241,0.364544809,0.24635437,2.443214577
Z,44.47522228,1270585.745,6.344543959,661.0787153,5.907753511,248.0956405,0.339082031,-0.286289603,0.424001632,0.307528202,2.258178768
Z,26.18218735,1226357.666,5.958503089,13559.73113,5.196198467,1776.667455,0.339082031,-0.197174753,0.341640208,0.305760228,2.182069482
Z,39.35459609,1326106.461,6.384459927,919.6053383,5.931455604,367.9796048,1.525869141,0.051899507,0.204561685,0.295834673,2.323893888
Z,24.50023564,1322467.818,6.186451838,18772.40206,5.875768068,1881.880758,0.678164063,0.077699123,0.495244908,0.330365082,2.22988619
Z,35.66838026,1285821.411,6.291689419,1218.212822,5.591257273,350.830718,0.508623047,-0.048197051,0.141997075,0.275399579,2.293410985
Z,52.39130946,1622952.416,6.628409877,567.3022061,7.23226454,248.1036531,0.339082031,-0.125881889,0.081204023,0.370550669,1.985936467
Z,43.00361234,1325360.42,6.244918063,1136.906647,5.713737978,289.3868413,0.508623047,0.199367548,0.234445697,0.30930388,2.203259412
Z,40.28571591,1277451.76,6.241699359,1162.027172,5.683408983,400.4628775,0.339082031,0.009399528,0.130408815,0.304088348,2.117008524
Z,29.79551336,1662888.838,6.500321302,11125.91145,6.960223007,1300.778441,0.339082031,-0.187482038,0.733454312,0.384008997,2.037572011
Z,51.49908332,2549777.756,7.31451276,812.3612374,11.42418532,203.6425846,1.356328125,0.04714047,0.175330119,0.511740889,1.661758757
Z,23.88661874,1291085.369,6.040182887,15607.58344,5.736459904,1552.854158,0.339082031,-0.091118875,-0.098717109,0.307378858,2.044965904
Z,27.33813307,1696504.063,6.712444712,10059.93923,7.570267958,987.2611438,0.508623047,-0.12124192,0.754892536,0.381535372,2.068172779
Z,43.89504482,2954384,7.140110906,1288.613955,12.60746956,209.2808019,24.24436523,0.003680882,0.127906559,0.54636876,1.441578318
Z,35.07566413,1376121.925,6.190165759,2410.803539,6.04096363,626.0302806,1.186787109,-0.073229361,0.006908522,0.304275973,2.062427156
Z,38.42105455,2208654.05,7.004826536,2806.497139,9.407031984,550.0742409,0.678164063,0.057866602,0.76349026,0.455129408,1.789833953
Z,34.30552429,2571205.239,6.832637503,9363.611424,10.74733925,1223.57526,0.339082031,0.08996801,0.49643766,0.525148429,1.57248994
Z,38.82379466,1424431.475,6.517158056,767.4452527,6.229003923,189.763563,0.508623047,0.078328067,0.469230227,0.306628657,2.108294344
Z,52.45058722,1815507.947,6.787639343,496.7564857,7.846149894,236.9382902,0.339082031,-0.027580644,0.083143387,0.379949374,1.873858156
Z,36.67660072,2385590.842,7.179124474,2205.507554,10.45660005,277.1610131,1.695410156,0.124444856,0.354713193,0.478825671,1.690381168
Z,35.17157279,1863923.592,6.666940364,4424.490825,7.846246249,747.7479812,0.508623047,0.205440542,0.373330584,0.401835031,1.922886661
Z,17.91711876,938291.886,5.221433042,43733.62313,3.793087557,3003.938191,0.508623047,0.194763226,0.215810582,0.248234527,2.352991516
Z,25.70919334,1477989.788,6.378572097,8351.983647,6.463870474,914.3094915,1.017246094,-0.175211323,0.190130466,0.32707673,1.987376164
Z,28.8255202,1577345.17,6.374335152,7191.220419,6.965878522,946.2705261,0.339082031,-0.129136422,-0.049741766,0.342820979,1.817165075
Z,67.23700045,2186738.13,7.0651413,183.3875378,9.44012673,130.6861295,0.678164063,0.074149272,-0.000769484,0.439317686,1.720310277
Z,18.7948833,1058742.333,5.57280175,32383.57876,4.383949109,2075.061852,0.678164063,-0.149505873,0.33391105,0.261046539,2.26862009
Z,45.89841512,2022412.016,6.911966049,1237.945785,8.787554773,381.1076687,0.339082031,0.027435317,-0.000382132,0.43295287,1.825634857
Z,23.80955298,1263596.507,6.127522275,10365.52906,5.377638878,1235.080242,0.508623047,0.014568585,0.004476376,0.29809575,2.18072207
Z,59.55296733,2072042.632,6.999632212,233.0546366,8.930074498,114.8921965,1.186787109,0.088327647,-0.218004035,0.416618369,1.778732911
Z,44.14696895,1982547.627,6.988456721,700.4692953,8.693136217,132.5386968,0.508623047,0.123728787,0.182238243,0.397285017,1.79358368
Z,30.29949255,1791637.839,6.719054144,4127.670095,7.470213035,499.1482952,1.017246094,-0.136110601,0.175719713,0.379156185,1.892790777
Z,31.80172033,1565955.619,6.565129892,3549.058843,6.978936094,691.9266357,0.508623047,0.067747235,0.332314449,0.350827859,1.997801292
Z,32.09623849,1554870.704,6.315756541,3922.165686,6.365695576,701.7316026,0.339082031,0.051188185,0.764818859,0.331862038,1.976838331
Z,27.69729934,1478367.379,6.414882884,4406.943542,6.220086272,733.173475,0.508623047,-0.091022835,0.151524605,0.317016254,1.980459404
Z,29.98306117,1761710.708,6.656064689,3550.283413,7.466118193,597.0790571,0.339082031,-0.280391733,0.491393961,0.354898504,1.805457723
Z,42.73658721,2026997.744,6.939675941,780.1613873,8.732771651,138.0722428,1.356328125,0.084161388,-0.078295638,0.401209199,1.753587351
Z,23.90986747,1449142.007,6.194427542,11804.95634,6.010949196,1198.485534,0.678164063,-0.05546304,0.182267369,0.318370385,1.956795764
Z,36.21305922,1854832.002,6.703960725,3036.86557,8.085914735,557.7063296,0.508623047,0.039227473,0.439076721,0.392712727,1.873767265
Z,42.59811358,2846981.329,7.05994058,1738.325983,12.01441048,357.1497171,0.678164063,0.098385065,0.157819501,0.530592391,1.47515051
Z,40.61516989,1579657.554,6.45397149,1287.000743,6.82175121,417.6908194,0.339082031,-0.15034565,0.078191551,0.334820104,1.864194491
Z,20.88902954,1195721.259,5.678562489,25354.71899,4.999381609,2200.287461,0.678164063,-0.072839006,0.021044811,0.292832264,2.078924947
Z,31.90345342,2144681.448,6.916800956,3566.660063,9.363509735,609.1814794,0.678164063,-0.065670069,0.243157123,0.424938395,1.692906602
Z,24.7454107,1547635.349,6.447894356,8433.659792,6.825825157,1056.664608,0.508623047,-0.030092617,0.095402204,0.336514028,1.912728658
Z,20.97144354,1143670.505,5.765772436,17972.0482,5.012253981,1878.411085,0.339082031,0.075152126,0.314591201,0.278022916,2.095411983
Z,36.75755294,1841254.293,6.701741661,2706.021256,7.932164939,495.0789293,0.339082031,-0.108157692,0.021616557,0.393301719,1.937370257
Z,26.41410725,1407119.794,6.085005184,3772.442284,6.060156337,750.7585812,4.747148438,-0.026484072,0.202497094,0.285928842,1.953464815
Z,31.63935391,1612059.714,6.135122578,2606.169978,6.789766751,761.6724781,4.747148438,0.105241771,0.200535156,0.316078442,1.857810826
Z,58.71999553,1972752.088,6.898723845,191.2319162,8.552464087,98.32573966,0.508623047,-0.075315737,-0.065068535,0.387260829,1.715845669
Z,21.83507912,1337504.461,6.190916095,11973.67807,5.591547186,1001.222946,1.186787109,-0.089426452,1.322069164,0.300983781,2.112478173
Z,32.9825827,1538763.948,6.49005271,1575.989458,6.647632136,263.8169059,1.186787109,0.160028706,-0.101708469,0.319065714,1.945611345
Z,33.62867777,1914670.502,6.773026042,3941.094312,8.425153728,689.9738705,0.339082031,-0.011683483,0.370110101,0.404566993,1.837811309
Z,44.55070831,2639692.556,7.074120231,1272.958607,11.46072536,317.9615831,0.339082031,0.017884966,0.463092622,0.50866566,1.545319634
Z,53.14634367,1902837.82,6.810695913,270.7515712,8.260903122,140.3609312,0.339082031,-0.104566077,0.0549991,0.373159402,1.695516195
Z,24.41968949,1419272.067,6.154841913,10181.59649,6.132009859,1172.517735,0.847705078,-0.132050253,0.064948389,0.314289618,1.956305395
Z,31.99466694,1644112.686,6.527672021,4386.416944,6.859063728,743.0843567,0.678164063,-0.189652985,0.186547953,0.359936557,1.933339616
Z,24.21821878,1456248.466,6.188814071,12347.0702,6.033777935,1507.926637,0.339082031,0.043725736,-0.209576877,0.32310025,1.887053816
Z,25.62756768,1426585.582,6.404828612,5196.052731,6.149698345,572.8794847,1.017246094,-0.097538938,0.163332495,0.316766785,2.007465215
Z,21.415008,1338117.015,6.164418633,12083.71538,5.841386969,995.4639332,0.339082031,0.041063659,-0.021417337,0.301780319,1.985746105
Z,32.19176395,2099344.917,6.957611534,3527.050951,9.044951276,480.7927404,0.678164063,0.046006963,-0.051579663,0.429738592,1.716896295
Z,49.76634471,1850009.762,6.712145363,403.3805903,8.144086133,151.568861,0.508623047,-0.042087742,-0.008142167,0.370464609,1.74474875
Z,29.13971187,1557702.274,6.508633615,3312.236461,6.609414816,429.9027609,0.508623047,-0.016244998,0.076886845,0.327518386,2.00581104
Z,27.74597263,1469718.531,6.341855717,5229.443152,6.166992344,849.2779209,0.508623047,0.089570253,-0.104998183,0.326352905,2.010449005
Z,34.88227361,1546938.452,6.357858215,2750.717564,6.660553682,590.4855844,0.508623047,-0.355732447,1.033757267,0.33583653,1.919131564
Z,24.64196624,1669307.272,6.585575088,7077.062331,7.288245639,886.8540188,0.678164063,-0.138225632,0.361013233,0.344917845,1.891887125
Z,43.55202908,2627115.329,7.029920246,1608.109587,10.98703933,326.7389234,8.13796875,-0.00738144,0.355542235,0.508283657,1.548323965
Z,35.53518482,1776454.08,6.655790345,2423.626059,7.741148448,471.4641369,0.508623047,0.161050713,-0.036008879,0.371822142,1.838890422
Z,58.19559936,1964569.345,6.820067351,227.3144561,8.462415524,115.5703655,0.339082031,-0.060541006,-0.25083912,0.391477717,1.678862208
Z,31.13573641,1585419.175,6.536776898,3143.324601,6.899078206,756.9819886,0.339082031,-0.157737579,0.204102767,0.338035479,1.962730053
Z,29.40703054,2149473.922,7.057846911,3648.674843,9.721748917,591.311978,0.339082031,0.023726614,0.402203506,0.430046047,1.721640921
Z,40.92026832,1681919.567,6.586438633,910.5479127,7.633379674,265.1771258,0.678164063,-0.163852549,0.031668663,0.350899547,1.798804473
Z,31.26629431,1545527.477,6.348077055,3326.83179,6.823058619,577.3759633,0.508623047,-0.030280189,0.003801789,0.331047724,1.856774912
Z,30.52546027,1775830.89,6.673876957,4299.922728,7.982687359,657.5736,0.678164063,0.172336888,0.201480426,0.37467898,1.92485733
Z,29.67907092,1722041.288,6.65309438,2461.960565,7.687337001,417.1772905,0.508623047,-0.099847921,0.176999634,0.352705481,1.755009939
Z,36.75317972,2024030.864,6.904930175,1435.170452,9.15642261,254.9084937,0.508623047,-0.002781051,0.076032856,0.397887715,1.773575774
Z,30.44831243,1675302.562,6.562995866,3393.173923,7.613473903,649.7971683,0.339082031,-0.063424758,0.096872699,0.345478317,1.975392946
Z,35.18647976,1669938.038,6.549897138,1985.730026,7.295643276,405.934784,0.339082031,0.027387164,0.128505905,0.341186208,1.834203599
Z,29.83137507,2100676.108,6.933800785,4249.547973,9.296619239,654.7483715,0.508623047,-0.0255789,0.039507617,0.428728318,1.720438288
Z,29.27520379,1653752.391,6.387151595,5989.738147,6.873697595,1018.720782,0.508623047,-0.046460618,0.0629113,0.346201398,1.886518516
Z,30.45965451,1618531.218,6.523002925,3163.932634,7.059881727,628.4400687,0.678164063,0.033139562,-0.163224639,0.344964146,1.847918791
Z,31.31037803,2167321.232,6.94441153,3215.871005,9.129162747,433.0446163,0.678164063,0.052757971,0.263999267,0.426447391,1.653324841
Z,21.70016086,1425413.959,6.105811022,13903.52005,6.026203661,1520.410665,0.678164063,-0.104153772,0.432395644,0.313536188,1.984161139
Z,27.99920578,1799709.03,6.580161051,5024.52443,7.760282826,498.4250458,0.678164063,-0.122050968,0.375043852,0.365258634,1.775676407
Z,28.70059729,2135695.239,6.89909405,2622.685494,9.093417147,435.4927937,1.356328125,-0.103007478,1.118179458,0.393261704,1.612522837
Z,29.807111,1715178.094,6.618974566,3367.468688,7.405652349,553.5034178,0.678164063,-0.189578176,0.495118263,0.354496155,1.831766235
Z,29.01281003,1594261.538,6.341831254,4982.467404,6.689631928,849.1090063,0.508623047,-0.158369152,0.259810341,0.342472754,1.776191104
Z,31.11751029,2170489.178,6.938887966,3464.63859,9.190685015,491.6020778,0.847705078,0.005943782,0.109880736,0.429829223,1.648261089
Z,30.05316931,1799715.992,6.597803208,3624.810027,7.710185366,566.144129,0.678164063,0.214106977,0.505938939,0.364251146,1.771028587
N,12.47858096,839538.0608,5.629450482,10616.68096,3.580173721,665.3758399,1.356328125,-0.333261938,0.586908424,0.17129873,2.575842718
N,9.334676975,766405.5572,5.453540718,38847.20953,3.208563566,1645.278345,0.508623047,-0.043812701,0.803323128,0.168515686,2.943616535
N,16.95278976,889398.3768,5.854241834,6253.876188,4.031956623,766.9207338,1.356328125,-0.191480109,0.574284659,0.204270262,2.75137405
N,15.91597911,771431.1814,5.540581382,8729.112892,3.541976212,899.1752512,1.017246094,0.109594136,0.639122894,0.187711568,3.069625012
N,9.305485128,1248754.045,6.26960869,333954.8351,5.730657505,7159.920977,1.017246094,0.450112014,0.608547613,0.28496175,2.342510738
N,11.53457087,730166.9552,5.445013559,20362.14918,3.106006095,1370.192186,0.678164063,-0.348918732,1.263085853,0.172320656,3.064783803
N,12.88601305,638590.2573,5.267053604,14508.84995,2.799763526,1198.685867,0.678164063,0.182476517,0.338478427,0.158644155,3.629633699
N,17.98446503,628255.9937,5.109583361,9548.457113,2.601378043,1181.942358,0.508623047,-0.469841885,0.803043117,0.168258005,3.406699327
N,11.40505217,890122.0197,5.593399143,32226.69119,3.752526905,1590.232231,2.882197266,0.162920879,0.626475336,0.193729759,2.897983805
N,21.98700572,887141.4261,5.796920196,2717.086267,3.852268107,409.3302381,1.695410156,-0.135630056,0.758888455,0.196191198,2.802980186
N,32.4779549,808460.8115,5.672264485,533.9795626,3.526780138,174.0657793,1.525869141,-0.437961963,1.579437883,0.190087709,3.122731545
N,11.12982834,824139.5209,5.621210413,22562.12635,3.502368267,1216.968131,0.678164063,-0.481574981,1.969647357,0.17990195,2.814483254
N,16.82391924,623912.3981,5.275418608,5104.406701,2.633944253,631.9989616,0.847705078,-0.311694765,0.294354829,0.150293498,3.24419341
N,23.38240481,993148.1571,5.983829378,2184.206647,4.364903548,402.1666429,1.695410156,-0.189031185,0.621807635,0.213330086,2.565001264
N,14.40998146,1055978.072,6.077997079,41302.98767,4.747540301,1851.311822,0.678164063,-0.070554073,0.367377191,0.250852678,2.705123661
N,15.55778457,768119.8956,5.560896237,7506.874523,3.366455274,816.5780807,0.678164063,-1.226570613,2.27051292,0.174818668,2.932451395
N,16.19395854,1222049.453,6.25371941,29750.29941,5.342696362,1434.272994,1.186787109,-0.054053154,0.672822581,0.281340539,2.433907803
N,21.61475866,1083240.537,6.0081819,1517.769895,4.658478203,285.9616535,1.356328125,-0.501167108,2.410006405,0.212396623,2.253481336
N,11.22644192,613562.2666,5.203450769,23997.99903,2.810022412,1582.880984,1.186787109,0.304877335,0.404392343,0.154264226,3.630153857
N,19.32023143,869590.6096,5.662973353,3242.123492,3.671221912,570.6522592,1.186787109,0.006120229,0.037400077,0.193729441,2.635832073
N,11.75274093,729668.1729,5.549246422,16222.06536,3.306761299,1469.054161,1.525869141,-0.490762215,0.798647858,0.167336427,3.151436179
N,11.3277466,838147.6823,5.598385846,13668.45999,3.6192478,1123.564226,2.882197266,-0.166720597,0.305636849,0.172792147,2.55948515
N,26.97657452,625476.7982,5.094221869,2333.013199,2.646819786,646.2263452,0.339082031,-0.343846574,0.127472182,0.173168974,3.657559636
N,11.6297855,772511.687,5.619946926,42341.03596,3.489112157,1669.903467,0.678164063,-0.082848831,-0.070557334,0.19351375,3.138633816
N,14.07346111,932618.7211,5.645434753,5322.333153,3.979053869,587.7530367,1.186787109,-0.290508617,0.599301055,0.186781315,2.310859713
N,24.29663859,690296.8437,5.408852942,1110.261831,2.961046958,240.3818785,2.034492188,-0.140192522,0.01261708,0.156503725,3.332465987
N,24.85420839,888936.7536,5.765806263,1126.260555,3.80990887,328.4324437,0.847705078,-0.010380957,0.051836745,0.192202113,2.679048855
N,36.45222112,799426.6876,5.640656096,218.5252245,3.483677963,124.9448697,0.339082031,-0.281602372,1.426810889,0.183687792,2.953451047
N,11.2243109,588337.4577,5.083911387,32137.34723,2.515141201,2528.441813,1.017246094,0.020600617,0.153433918,0.149707052,3.778093522
N,12.23525515,596043.7182,5.155022059,22898.35175,2.625945771,1924.955799,1.017246094,-0.222570761,0.517461824,0.155895004,3.559222649
N,12.90897733,973853.2579,5.636466162,5499.295076,4.208653747,603.8537053,1.186787109,-0.293130616,0.346574597,0.188421049,1.987267994
N,19.26737136,778864.4612,5.592449745,3815.142904,3.348519671,459.2039557,1.695410156,-0.131397429,0.612732594,0.17907523,3.028578239
N,8.057165073,568776.0634,5.1174537,49117.95841,2.51158793,1938.938303,0.678164063,0.244996391,0.370911046,0.133739851,4.083535252
N,7.351448865,527331.8088,4.734553671,98021.42827,2.236114609,3563.411014,1.186787109,-0.058237048,0.556047749,0.125935066,3.899824659
N,15.34339258,830786.4861,5.595101867,4923.726343,3.734560215,643.1432546,1.017246094,-0.165165728,0.381719072,0.182495488,2.677265134
N,7.395546769,586081.038,5.026423801,50589.61018,2.391083146,2330.696943,1.186787109,-0.30213686,0.565590773,0.131000286,3.288393679
N,15.12097085,795185.0567,5.588532988,15779.73702,3.482678735,1327.189892,0.678164063,-0.645183603,1.916501985,0.194431538,3.066014228
N,16.00657158,660568.0235,5.24138875,15570.65072,2.755281451,1301.534896,1.017246094,-0.25047991,0.297423541,0.179985124,3.497510802
N,14.07174899,907884.0015,5.713361431,32083.28352,3.875050622,1873.376036,1.017246094,-0.091338862,0.194342544,0.217312649,2.796110618
N,11.03467329,660300.3375,5.40725982,16029.01607,3.01563407,1138.526048,1.017246094,0.076637219,0.17076514,0.157262419,3.460250419
N,23.96025239,589784.0484,5.132812638,2251.780442,2.575837686,503.7545776,0.678164063,-0.278609999,1.821968754,0.158399218,3.918346149
N,10.26065424,736375.0856,5.475912238,71114.60903,3.220604661,2418.682241,0.678164063,-0.153022849,-0.010753206,0.182371219,3.214334947
N,12.04683207,838370.5579,5.533953422,57645.38449,3.505710222,2737.039778,1.017246094,-0.134333746,0.014656285,0.202952428,2.872781962
N,14.97284185,701075.9499,5.340801258,13872.17509,2.906159048,1412.087337,1.186787109,0.076153909,0.273375154,0.173730938,3.251103845
N,14.22037964,921888.1114,5.652007424,6863.930605,3.952275986,819.0796019,2.882197266,-0.187005535,0.608344318,0.177934117,2.542264492
N,22.55059891,627879.3545,5.118870749,3253.429156,2.655218475,715.028787,0.339082031,-0.350842785,0.233045812,0.162269699,3.702473532
N,11.14063244,914852.3464,5.642013919,38706.49907,3.851022445,1428.617648,2.882197266,0.062060297,0.516424618,0.201302455,2.808777728
N,24.73190221,1795243.17,6.768030799,6411.405892,7.805640472,624.6712894,1.186787109,0.113081993,0.276641478,0.360171604,1.890869609
N,19.69252139,1036964.143,5.971945297,4992.603919,4.371200368,586.6930598,0.678164063,0.051601236,0.380846371,0.22928288,2.443334417
N,9.741220532,853760.3664,5.63022313,227524.2633,3.809704271,5160.682833,1.186787109,0.116537026,0.947016919,0.226997075,2.97698663
N,9.273538861,806715.5958,5.544731514,49686.69998,3.385319448,1557.849389,1.695410156,-0.238493497,0.96703841,0.179951796,2.963283437
N,18.30912512,1474003.259,6.436264406,28161.31171,6.255877807,1317.634367,1.864951172,0.037372461,0.246748586,0.322296588,2.13488116
N,11.37082574,742391.7094,5.431321501,24248.83422,3.060152581,1562.886997,0.508623047,0.05381943,0.406988209,0.170884231,3.126973083
N,9.500327475,588091.4798,5.092210688,56430.24012,2.521868692,3175.314861,0.678164063,-0.347053992,0.44003544,0.150035994,3.651008425
N,17.81233402,881008.4903,5.597587766,4426.729351,3.623443122,540.8629212,1.356328125,-0.05856911,-0.045740452,0.189340652,2.40846846
N,13.82561106,1065019.932,5.99703261,48572.69576,4.600325349,2258.785413,1.017246094,-0.136790826,1.192768957,0.251380942,2.53193475
N,37.29401269,859661.7394,5.750356479,223.3703117,3.766063974,124.3332947,0.508623047,-0.13920032,1.095768177,0.194961463,2.892950812
N,11.49559996,682956.579,5.286308784,22518.55782,2.823595648,1303.803664,0.678164063,-0.938953925,1.875782905,0.157830903,3.0742845
N,43.82487353,814006.9405,5.676154117,270.8965063,3.575158773,177.8428707,0.339082031,-0.320962257,0.243806574,0.19834423,3.068753386
N,10.69123652,859693.0509,5.641425334,37779.36945,3.556401269,1485.665178,0.678164063,-0.274783431,1.033701684,0.198569308,2.870755535
N,26.19814616,1014359.51,5.87937346,1400.974579,4.356306983,261.0827804,2.543115234,-0.232861424,0.468132235,0.212496918,2.546896767
N,26.37012548,913370.141,5.789196734,1963.534321,3.965944656,381.1719775,1.525869141,-0.239410257,0.610748325,0.215540689,2.881388577
N,23.70759996,1117532.253,6.029191439,1665.557231,4.734447753,274.8378873,1.186787109,-0.402102045,2.19230419,0.224148126,2.342644848
N,11.770806,858504.6873,5.578860766,11296.66026,3.6911201,1065.171949,2.882197266,-0.060707185,0.415163179,0.16876768,2.501400169
N,16.8610987,798361.0019,5.627436522,6653.093759,3.483333847,807.0824753,0.678164063,-1.338315546,2.852559005,0.182199774,2.889557379
N,5.671755169,536797.313,4.874310917,124482.6642,2.210598516,3591.434479,1.186787109,-0.297187756,0.69946721,0.119416733,3.196004672
N,26.41924026,745710.497,5.442257282,1733.12522,3.189485427,306.0622701,0.508623047,-0.275652725,0.217018296,0.184288811,3.30644036
N,12.84716356,930026.2434,5.843745945,70905.66552,4.203720575,2730.62589,0.678164063,0.051493145,0.14368941,0.232640614,2.978536118
N,15.60151677,928462.9734,5.82223198,5813.205329,3.828812847,517.7976172,1.017246094,-0.011368668,0.706365121,0.194443851,2.393187635
N,15.93072524,1059659.229,6.061420932,7375.300759,4.50993877,541.8645132,0.678164063,-0.105763974,1.855947646,0.220497874,2.26938042
N,9.095972409,664318.5374,5.191361539,140422.4571,2.801046485,2969.488653,1.525869141,-0.202823518,0.045468959,0.176013077,3.366813759
N,13.19799189,855076.8948,5.636870801,8260.074472,3.618151011,635.1669355,3.051738281,-0.291145964,0.667788858,0.172039351,2.454301937
N,18.94704672,810896.5341,5.574903039,6523.826127,3.46655085,734.3523375,0.678164063,0.204283212,0.426176251,0.192103957,2.840083075
N,36.0059942,771007.9948,5.575412338,434.5548633,3.315132646,209.039134,0.339082031,-0.132370419,0.013508323,0.183650751,3.230810345
N,16.06263768,839934.8309,5.785067191,6377.449618,3.831450489,623.7132411,1.356328125,-0.135152732,0.473234603,0.191227991,3.034142838
N,15.57574857,694250.3005,5.354019614,11775.81778,3.07122918,1144.893164,1.186787109,0.25533956,0.198288232,0.173200986,3.272510093
N,18.06012332,1355428.94,6.303651854,26078.69284,5.708178816,1288.840086,2.204033203,0.128514334,0.097037477,0.302674547,2.227939118
N,11.88058476,778526.3926,5.34724841,72215.39702,3.290203986,2388.378264,1.525869141,-0.285558901,0.181987375,0.200394554,3.07811684
N,10.80356057,929131.0412,5.833590597,42232.29673,4.027431164,1960.712239,1.017246094,-0.186932591,0.404266881,0.203343987,2.646044469
N,14.74568334,1120701.359,5.945980703,60325.9463,4.767098106,2315.393125,1.695410156,0.365952178,1.546418905,0.271667202,2.575646977
N,23.9175854,700929.3743,5.32678332,2278.725734,2.967645213,410.9709449,0.339082031,-0.315695304,0.373996551,0.172103498,3.472536407
N,18.25493688,818059.1423,5.587129656,7837.923571,3.435076433,1076.846272,1.186787109,0.105388098,0.970902001,0.19962351,3.012496411
N,41.0120716,815300.4447,5.720274606,309.9770746,3.604827039,181.8868608,0.339082031,-0.295027906,0.082673417,0.194784481,3.020644152
N,19.19119451,1007392.954,5.952945462,4145.214788,4.292866388,524.6478648,1.186787109,-0.380136873,2.813696857,0.209612616,2.480619408
N,20.74744524,1392354.926,6.46314051,12143.91481,6.077896633,791.482873,1.864951172,0.057450314,0.245318042,0.309573275,2.256860606
N,24.08604442,1104394.118,6.066784785,1791.326173,4.685336653,246.076138,1.017246094,0.04849961,0.260727495,0.229771176,2.373216571
N,20.0209732,770477.9759,5.518074963,2203.759256,3.199948123,510.0129939,0.678164063,-0.017629038,-0.089723597,0.170574919,2.732060065
N,22.1215363,1005835.736,5.92224258,2024.232051,4.196840466,354.0572255,1.017246094,-0.092473366,0.038871918,0.208594446,2.393541631
N,6.225345535,484522.4118,4.703510663,92244.63348,2.004162654,3365.273412,1.186787109,-0.39846579,0.955797729,0.108206834,3.622162295
N,24.49647383,767141.9326,5.592039956,2075.115146,3.350759791,421.1344312,0.678164063,-0.261647986,0.756987961,0.185395799,3.234224475
N,12.13412896,1332792.494,6.350993087,99498.22892,6.066849032,3772.853633,1.017246094,0.274487662,0.541377157,0.289258127,2.217465824
N,12.83175615,965163.6515,5.859305633,68930.18058,4.231430056,2509.020768,1.186787109,-0.031647446,1.017030074,0.240802902,2.731833486
N,22.4799885,684482.0556,5.397281785,1210.616106,2.962198202,253.704493,2.034492188,-0.187367841,0.175977663,0.153492986,3.296840895
N,9.570701714,894053.8343,5.790479093,53846.06002,3.87959853,2311.592348,1.017246094,-0.18285695,0.304774656,0.192863924,2.627452121
N,7.7202677,589361.248,5.161766666,54696.28408,2.639521494,1803.614028,0.508623047,0.185915239,0.385929926,0.138228167,4.06869072
N,16.2173909,1227150.176,6.182458359,41728.92293,5.284489609,2078.365433,0.678164063,0.137834554,0.326073603,0.288881347,2.39162803
N,35.6699095,841416.8682,5.694031211,265.1150594,3.629954885,142.4357475,0.508623047,-0.139960269,0.570241192,0.190703664,2.915764913
N,13.71879562,962239.9114,5.904109838,18390.3172,4.234382347,1046.319679,2.882197266,-0.049882486,0.664171586,0.21765309,2.865417258
N,6.794121962,527814.2569,4.784859568,86929.14562,2.223742472,2980.264988,1.356328125,-0.024441788,0.561484195,0.117688183,3.721998622
N,12.50660315,598990.2123,5.15226848,21882.30708,2.574086267,1977.435709,1.017246094,-0.188523727,0.33336489,0.154127343,3.654918421
O,22.56925139,1596049.681,6.404030471,7072.68519,7.112928905,657.9630312,0.508623047,0.153533404,0.613832559,0.320208179,1.903215018
O,25.34990169,1660087.659,6.364784121,6023.069232,7.275688393,657.4813026,0.508623047,0.159377528,0.202344281,0.338211021,1.746575849
O,18.31496316,1558125.093,6.208476074,17417.47479,6.893066352,1117.870723,0.339082031,-0.303469764,0.341827823,0.325172145,1.788043299
O,16.40716364,1794297.24,6.232688261,25312.68653,8.030370485,1351.170626,11.02016602,-0.193803214,0.165436363,0.345786763,1.618256652
O,17.63402899,2151771.63,6.050368992,17206.15288,9.730653186,1469.783641,11.52878906,-0.064336715,0.315387313,0.382068531,1.383518538
O,21.95845514,1961025.838,6.495445003,7650.271308,8.497981288,752.2361729,11.02016602,0.259577518,0.798452329,0.373516404,1.673753314
O,11.41713728,1105164.322,5.688454629,127305.035,4.53910105,3572.403855,1.186787109,0.110187201,0.15599635,0.252902218,2.040990376
O,23.50134097,1655811.414,6.418143993,7106.378125,7.381131527,606.58965,0.339082031,-0.141148559,0.332639395,0.34169694,1.773471355
O,16.50389085,1294455.733,5.688901474,44493.85575,5.726318367,2687.919342,0.508623047,-0.115181419,0.151488546,0.283971684,1.886435508
O,9.039034504,2366832.743,5.422048233,258231.143,10.02107052,6991.646592,11.35924805,0.004346902,-0.281290082,0.394688741,1.278725408
O,7.564268118,2392480.089,5.348848644,419750.2806,10.09701608,8127.479808,11.35924805,0.131506278,-0.15105381,0.392749111,1.234222808
O,26.66052455,2453925.033,6.602329816,5952.799577,10.7222161,990.6653867,11.02016602,0.127318069,0.313250323,0.437187551,1.507301805
O,19.26555175,2384406.485,6.166620149,15429.96438,10.11534593,1617.601906,11.02016602,0.057506507,0.09890594,0.417091647,1.422278353
O,7.927304604,2436322.775,5.272771792,392176.9217,10.42412633,10095.92449,11.02016602,-0.012253098,-0.081365903,0.400305467,1.246401941
O,8.003715804,2431360.123,5.177273603,438032.9517,10.42193762,10786.55534,11.02016602,-0.078246231,-0.11449884,0.398065023,1.258506693
O,29.83614295,2064159.931,6.618759121,3532.542062,9.09965009,661.5615449,11.02016602,-0.019561257,0.463913582,0.391885382,1.659646992
O,6.927089547,2426739.136,5.306770214,454839.48,10.37678818,9953.976524,11.02016602,0.040296381,-0.002288987,0.395338721,1.230848897
O,27.84838591,2622540.21,6.672491635,8143.098228,11.41791296,1176.518744,11.02016602,0.111645325,0.050568904,0.48033335,1.493433234
O,10.12904257,2188190.749,5.783685988,75816.45633,9.272537357,2792.782218,10.34200195,0.24785524,0.673215846,0.364383962,1.302454225
O,13.44733831,2129657.604,5.781729136,37456.19136,9.108670879,2159.260005,9.155214844,0.137433635,0.277858019,0.365262091,1.373308531
O,15.53233729,1958983.432,6.271234916,21178.97308,8.301433325,1073.609848,9.155214844,0.198638961,0.026639237,0.352497368,1.519077409
O,12.26431037,2103926.97,5.922464727,51915.23465,8.984891211,2680.637408,9.155214844,0.514108567,0.841629595,0.360924731,1.401086154
O,21.00478794,2177325.515,6.187551148,7667.823764,9.342694907,1215.699186,10.34200195,-0.029144124,0.14254768,0.37972388,1.401594184
O,10.86199975,2153832.578,5.66591719,64317.08966,9.132394,2571.232758,10.00291992,0.20338418,0.540755433,0.363480981,1.311243502
O,12.77653013,2094052.151,5.847970337,44279.52531,8.82476461,2118.679565,9.494296875,0.086503876,0.414100579,0.357946141,1.397541989
O,19.59792858,2374311.297,5.961623907,9637.938129,10.07916848,1079.719824,10.34200195,0.262569263,0.744361287,0.401695844,1.339010658
O,11.07254377,2257270.719,5.629446355,52180.81063,9.560447667,2493.448706,10.34200195,0.268867943,0.305509692,0.37391615,1.280154899
O,24.12529765,1918371.417,6.650937396,3968.675586,8.255447936,385.8108534,9.663837891,0.065745069,0.164428207,0.366353898,1.657397973
O,27.41434324,2048729.289,6.573823263,3376.378653,8.597264953,424.6578145,10.68108398,-0.006827294,0.500558035,0.377015027,1.551028734
O,15.57567132,1937666.183,6.156199737,17355.67087,8.180811628,1104.153799,9.663837891,0.11973844,0.235628167,0.345944805,1.488892065
O,23.41311843,1828625.768,6.503709947,3988.595733,7.770605916,509.6052869,9.663837891,-0.097689586,0.090232446,0.344871263,1.640748966
O,29.39763691,2358792.842,6.834382287,2520.179933,10.13153838,535.5959684,11.18970703,0.089523953,0.323376772,0.429856079,1.560274495
O,29.63739511,2754898.339,6.826090952,5985.981631,11.85993271,954.5336246,11.18970703,0.041057968,0.003423296,0.502558586,1.486262358
O,19.35922963,2066061.303,6.381514413,24032.97595,8.527867164,1961.691774,11.18970703,-0.009105295,0.219966746,0.39617035,1.61146995
O,9.860904125,2345851.896,5.417730965,236368.2703,10.04898364,8170.163186,11.18970703,-0.02685011,-0.317138583,0.396810865,1.298276341
O,24.30194165,2226759.061,6.254547232,6850.879211,9.663391793,958.4815469,11.18970703,0.053582352,0.353026699,0.401537393,1.492075135
O,8.17049567,2361557.139,5.303326436,392586.235,10.13455943,10541.24415,11.18970703,0.080882396,-0.257053894,0.393658266,1.260434322
O,8.824997875,2412143.083,5.402033902,320205.0339,10.37359554,7235.374442,11.35924805,0.093425281,0.049139025,0.402110032,1.256300277
O,9.360018631,2449697.841,5.234227412,323430.9586,10.38976442,9040.798237,11.35924805,-0.014701168,-0.280737686,0.405123217,1.270773905
O,15.1350639,2362110.368,5.443237103,69678.47211,10.15070632,4285.062296,11.35924805,0.105549155,-0.024425895,0.404217469,1.332276645
O,7.860688034,2463237.836,5.035971796,544765.3606,10.50642158,11932.87413,11.35924805,0.134265739,-0.138942215,0.401465736,1.228943264
O,32.88251032,2382577.565,6.575790629,1133.059215,10.2181725,292.8955068,10.34200195,-0.247170603,0.603288663,0.415937698,1.449237719
O,28.28903899,2372020.362,6.703053095,1747.277578,10.24011787,304.0940324,10.68108398,-0.070206581,0.341686375,0.418647341,1.452877101
O,26.97278847,2196229.873,6.395422913,2997.371398,9.270222245,446.1644012,10.34200195,0.102692918,0.672793977,0.388484832,1.461884883
O,9.586943602,2229357.561,5.47276728,88066.37607,9.375767448,3205.675159,10.17246094,0.344382871,0.356594438,0.368578722,1.247355735
O,12.15030906,2103403.012,5.61381314,47649.76107,8.909515653,2125.080476,10.00291992,0.203664929,0.637609567,0.357294359,1.331452079
O,31.5757214,2044071.16,6.904210151,1617.433173,8.884955589,271.9759457,1.017246094,0.1833165,0.129498523,0.392446079,1.671164163
O,17.37053887,1968644.663,6.470216865,8198.531587,8.314065073,601.4031717,9.155214844,0.310522288,0.636642538,0.352563047,1.497053801
O,22.52569046,1723223.695,6.38515084,4375.314623,7.255589796,386.8397848,0.678164063,-0.102361393,0.36711571,0.317981702,1.752240912
O,26.73527507,2062091.835,6.334842824,2805.607269,8.606950264,531.8397047,10.34200195,-0.060245274,0.396552569,0.375351511,1.469786033
O,40.33459738,2065049.512,6.708875754,723.9295858,8.843969957,171.587625,1.186787109,0.052023555,0.084507269,0.392977124,1.586676426
O,26.36657056,2400639.958,6.344187756,2820.596653,10.17359873,491.7820248,10.850625,0.131417353,0.366249619,0.412380741,1.379439609
O,12.22884949,2285012.353,5.848181735,24457.47368,9.753490861,1441.801869,10.68108398,0.116365491,0.75584823,0.378439036,1.291389358
O,10.45185307,2174364.166,5.272952168,85514.10649,9.308420813,2888.383594,10.00291992,0.065581096,0.175866178,0.361366296,1.305707226
O,32.83121447,1976537.938,6.773956182,1548.050038,8.615241013,252.1715435,1.864951172,-0.025144992,0.230696957,0.382395036,1.630749636
O,12.41430887,2204718.998,5.59715858,50866.49779,9.511788904,2130.411516,9.833378906,0.288216271,0.698077791,0.369547754,1.350533125
O,26.93143558,1680749.614,6.479875319,1912.089262,7.148804158,252.5497245,9.494296875,0.071342813,-0.024289772,0.321949004,1.752812733
O,24.18489904,2459588.257,6.978531138,4286.26643,10.47521098,406.5871038,12.54603516,-0.004416117,-0.005900126,0.444474703,1.459751632
O,27.54948205,2493753.229,7.015717656,3380.406116,10.6237215,294.1478307,1.525869141,0.018740845,0.261377767,0.451319037,1.471269881
O,19.58305491,2437200.269,6.887997981,8476.416173,10.31620873,536.3581211,13.90236328,0.176978392,0.378754385,0.43608548,1.404119705
O,22.16485662,2183979.299,6.800424477,7699.496921,9.370984633,707.3526051,1.525869141,0.101754119,0.164762053,0.413086931,1.487873485
O,22.24080499,2567445.745,6.918212769,5645.725067,11.02451656,434.176835,15.08915039,0.061982649,-0.101651136,0.453518812,1.394042908
O,19.24065997,2628256.765,6.87034105,8636.274947,11.10410235,528.8630592,14.75006836,0.055689978,0.027666722,0.452861062,1.364289923
O,13.82824491,2436068.126,6.613603845,27388.91576,10.28579686,970.138908,11.86787109,0.064736115,0.281721101,0.420133636,1.339286401
O,17.01120386,2401994.132,6.747961442,27798.88971,10.17801687,980.283869,0.508623047,-0.023352355,0.261511295,0.435919397,1.525199529
O,25.63593701,2199005.758,6.944081189,7996.321555,9.388941547,750.8886449,0.169541016,0.098849118,0.026290687,0.436268556,1.66681926
O,13.82629279,2266624.386,6.854844738,28628.46455,9.720840073,791.0572212,0.847705078,0.222348426,0.656705373,0.407086769,1.466734168
O,19.00646653,2272091.172,6.826536923,13339.54438,9.942060481,920.4741864,1.525869141,-0.090791602,0.396612047,0.415214232,1.466270413
O,20.72356951,2415514.502,6.646781457,12907.88002,10.30744388,921.131592,15.25869141,0.086025266,0.494090462,0.436448559,1.386219087
O,25.75125081,2491680.582,6.954052717,4151.513485,10.66181226,552.7920157,13.73282227,-0.019005545,0.301208446,0.446557348,1.461654311
O,30.13878378,2335608.351,7.034776761,3014.592979,9.945174155,311.8370624,0.339082031,-0.093019325,0.363142335,0.441847952,1.567657934
O,16.5530249,2154984.265,6.508984358,29825.32479,9.021822708,1125.394009,1.525869141,-0.070184877,0.045689632,0.398882787,1.59778441
O,27.02599915,2174104.269,6.792519344,5575.385268,9.192233065,759.7393026,1.525869141,-0.04292594,0.094018297,0.418922489,1.529849881
O,26.53233916,2584500.652,6.976898521,3356.416874,11.11810956,297.6904968,13.0546582,-0.040047787,0.258515839,0.464617442,1.405217515
O,28.09650321,2421916.33,7.029981413,3311.304497,10.36589078,343.6346221,15.08915039,0.041269994,0.110578595,0.448835639,1.490848217
O,16.0357525,2410926.347,6.621973004,18700.88833,10.35557827,937.4515183,15.08915039,-0.174703191,0.429246453,0.422217383,1.364357175
O,17.80779278,2235616.917,6.61756125,23914.5612,9.573051859,1115.564913,3.221279297,-0.011327908,0.117248602,0.413061495,1.533638283
O,22.54286147,1707877.687,6.441039924,24651.84445,7.210704224,2024.577664,0.508623047,0.088536067,0.11870854,0.379368103,1.866740171
O,26.41768993,1958007.738,6.904748372,4731.261122,9.061407339,516.5968893,0.678164063,0.181501526,0.010035371,0.395685737,1.746802059
O,15.37256278,2394137.081,6.64729793,26738.89057,10.33688046,1220.703115,13.90236328,0.219411766,0.552378924,0.421415161,1.412539498
O,22.13793816,2153496.31,6.881599979,7505.162381,9.376948563,684.3375464,1.525869141,-0.016896445,0.455795602,0.410909047,1.559640249
O,23.76190245,2143191.871,6.730589076,7903.369077,9.186418812,732.2873556,1.525869141,0.05690866,0.304385803,0.411363804,1.523021434
O,28.64012417,2701427.063,7.027061091,2402.104467,11.5393469,309.8726475,13.39374023,-0.066016826,-0.031666989,0.482303027,1.388252653
O,33.90537284,2253937.001,7.018422179,2140.975129,9.716403491,310.2893482,0.678164063,0.040742763,0.537893594,0.433245499,1.593907861
O,21.04498087,2691294.804,6.710103222,7926.187798,11.36974642,823.2443265,13.39374023,0.129873314,0.198806914,0.463291449,1.325282665
O,18.07796145,2378665.713,6.677923018,12805.81164,10.20806349,693.388774,4.747148438,-0.098334077,0.059143293,0.420277865,1.380017002
O,19.47143935,2135761.104,6.661462115,17555.13789,9.135167929,1172.076613,3.051738281,0.031627751,0.208289184,0.406012267,1.612532397
O,16.85789731,2363202.738,6.61052869,22972.7624,9.978904373,1146.670542,13.56328125,0.288522244,0.386867884,0.423257263,1.409250204
O,25.0737135,2287594.669,6.903034797,5573.634211,9.583246205,471.9604948,0.678164063,0.022767805,0.222434252,0.430434991,1.512316517
O,28.71244194,2279307.536,6.919585655,3629.28794,9.630427331,416.1914366,1.525869141,0.1439626,0.242046433,0.431670931,1.502128618
O,24.17782332,2191769.841,6.591282693,7564.685034,9.420510606,1098.214879,11.18970703,0.037670001,0.138802067,0.40853108,1.557095459
O,17.69064717,2272319.902,6.334840997,24948.32225,9.519451676,1887.839983,11.18970703,-0.088903706,-0.089906969,0.407132466,1.492714092
O,16.18978631,2284649.065,6.264142333,38846.1191,9.619426247,2660.316359,11.18970703,0.048972189,-0.003551083,0.406906787,1.478110634
O,6.519372329,2486517.7,5.146671709,636002.3895,10.56389734,11295.47589,11.18970703,0.01243168,-0.293656098,0.403073581,1.223310255
O,7.437734948,2462961.523,5.094796101,520142.4517,10.48821823,11678.73162,11.18970703,-0.05678195,-0.540716832,0.402418467,1.221721957
O,16.90413046,2465618.231,6.098911926,21468.08711,10.54903878,1848.754462,11.35924805,0.123981043,0.30763818,0.420961793,1.371899099
O,20.79139029,2220457.375,6.189030434,10740.03387,9.425103143,1064.169654,11.02016602,-0.108441239,-0.007633491,0.394139645,1.43848702
O,25.13711959,1948184.36,6.540914911,5563.078441,8.465867356,691.0384961,11.35924805,0.167477564,0.27947601,0.374757246,1.664933101
O,19.03181044,2171726.282,6.713062484,12275.97472,9.292481236,884.4182618,11.35924805,0.04968908,0.122455735,0.398963975,1.555071103
O,7.115210938,2448495.717,5.393106311,482393.8144,10.42643445,10758.34951,11.18970703,0.072758446,-0.348897677,0.399364814,1.221656709
